2025-06-04 23:07:54,823 - segmed_pro - INFO - Configured DICOM handlers: gdcm, pylibjpeg, pillow, numpy
2025-06-04 23:08:03,971 - segmed_pro - INFO - Loading DICOM series from directory: C:\Users\Yurtsever\Downloads\segpro-med\cvm_48_t1
2025-06-04 23:08:03,973 - segmed_pro - INFO - Found 20 DICOM files
2025-06-04 23:08:03,973 - segmed_pro - DEBUG - Reading DICOM file: C:\Users\Yurtsever\Downloads\segpro-med\cvm_48_t1\1.3.12.2.1107.5.2.36.40820.2021111512341579279633165_MR.dcm
2025-06-04 23:08:04,012 - segmed_pro - DEBUG - Reading DICOM file: C:\Users\Yurtsever\Downloads\segpro-med\cvm_48_t1\1.3.12.2.1107.5.2.36.40820.202111151234161027033171_MR.dcm
2025-06-04 23:08:04,046 - segmed_pro - DEBUG - Reading DICOM file: C:\Users\Yurtsever\Downloads\segpro-med\cvm_48_t1\1.3.12.2.1107.5.2.36.40820.2021111512341623308733176_MR.dcm
2025-06-04 23:08:04,080 - segmed_pro - DEBUG - Reading DICOM file: C:\Users\Yurtsever\Downloads\segpro-med\cvm_48_t1\1.3.12.2.1107.5.2.36.40820.2021111512341644779633181_MR.dcm
2025-06-04 23:08:04,113 - segmed_pro - DEBUG - Reading DICOM file: C:\Users\Yurtsever\Downloads\segpro-med\cvm_48_t1\1.3.12.2.1107.5.2.36.40820.2021111512341666461533186_MR.dcm
2025-06-04 23:08:04,152 - segmed_pro - DEBUG - Reading DICOM file: C:\Users\Yurtsever\Downloads\segpro-med\cvm_48_t1\1.3.12.2.1107.5.2.36.40820.2021111512341688430633191_MR.dcm
2025-06-04 23:08:04,186 - segmed_pro - DEBUG - Reading DICOM file: C:\Users\Yurtsever\Downloads\segpro-med\cvm_48_t1\1.3.12.2.1107.5.2.36.40820.2021111512341710546233196_MR.dcm
2025-06-04 23:08:04,218 - segmed_pro - DEBUG - Reading DICOM file: C:\Users\Yurtsever\Downloads\segpro-med\cvm_48_t1\1.3.12.2.1107.5.2.36.40820.2021111512341733208833201_MR.dcm
2025-06-04 23:08:04,251 - segmed_pro - DEBUG - Reading DICOM file: C:\Users\Yurtsever\Downloads\segpro-med\cvm_48_t1\1.3.12.2.1107.5.2.36.40820.2021111512341753545933206_MR.dcm
2025-06-04 23:08:04,283 - segmed_pro - DEBUG - Reading DICOM file: C:\Users\Yurtsever\Downloads\segpro-med\cvm_48_t1\1.3.12.2.1107.5.2.36.40820.2021111512341775486333211_MR.dcm
2025-06-04 23:08:04,316 - segmed_pro - DEBUG - Reading DICOM file: C:\Users\Yurtsever\Downloads\segpro-med\cvm_48_t1\1.3.12.2.1107.5.2.36.40820.2021111512352779416033216_MR.dcm
2025-06-04 23:08:04,348 - segmed_pro - DEBUG - Reading DICOM file: C:\Users\Yurtsever\Downloads\segpro-med\cvm_48_t1\1.3.12.2.1107.5.2.36.40820.202111151235281237733221_MR.dcm
2025-06-04 23:08:04,381 - segmed_pro - DEBUG - Reading DICOM file: C:\Users\Yurtsever\Downloads\segpro-med\cvm_48_t1\1.3.12.2.1107.5.2.36.40820.2021111512352822922433226_MR.dcm
2025-06-04 23:08:04,414 - segmed_pro - DEBUG - Reading DICOM file: C:\Users\Yurtsever\Downloads\segpro-med\cvm_48_t1\1.3.12.2.1107.5.2.36.40820.2021111512352845071133231_MR.dcm
2025-06-04 23:08:04,447 - segmed_pro - DEBUG - Reading DICOM file: C:\Users\Yurtsever\Downloads\segpro-med\cvm_48_t1\1.3.12.2.1107.5.2.36.40820.2021111512352866931233236_MR.dcm
2025-06-04 23:08:04,479 - segmed_pro - DEBUG - Reading DICOM file: C:\Users\Yurtsever\Downloads\segpro-med\cvm_48_t1\1.3.12.2.1107.5.2.36.40820.2021111512352888819833241_MR.dcm
2025-06-04 23:08:04,512 - segmed_pro - DEBUG - Reading DICOM file: C:\Users\Yurtsever\Downloads\segpro-med\cvm_48_t1\1.3.12.2.1107.5.2.36.40820.2021111512352911077633246_MR.dcm
2025-06-04 23:08:04,544 - segmed_pro - DEBUG - Reading DICOM file: C:\Users\Yurtsever\Downloads\segpro-med\cvm_48_t1\1.3.12.2.1107.5.2.36.40820.2021111512352932328233251_MR.dcm
2025-06-04 23:08:04,577 - segmed_pro - DEBUG - Reading DICOM file: C:\Users\Yurtsever\Downloads\segpro-med\cvm_48_t1\1.3.12.2.1107.5.2.36.40820.2021111512352954399933256_MR.dcm
2025-06-04 23:08:04,610 - segmed_pro - DEBUG - Reading DICOM file: C:\Users\Yurtsever\Downloads\segpro-med\cvm_48_t1\1.3.12.2.1107.5.2.36.40820.2021111512352976441533261_MR.dcm
2025-06-04 23:08:04,642 - segmed_pro - INFO - Successfully read 20 DICOM files
2025-06-04 23:08:04,643 - segmed_pro - INFO - Sorting by Instance Number
2025-06-04 23:08:04,767 - segmed_pro - INFO - Created 3D volume with shape (20, 512, 400)
2025-06-04 23:08:04,858 - segmed_pro - INFO - Extracted metadata from first slice
2025-06-04 23:16:49,775 - segmed_pro - INFO - Configured DICOM handlers: gdcm, pylibjpeg, pillow, numpy
2025-06-04 23:17:00,688 - segmed_pro - INFO - Loading DICOM series from directory: C:\Users\Yurtsever\Downloads\segpro-med\cvm_48_t1
2025-06-04 23:17:00,689 - segmed_pro - INFO - Found 20 DICOM files
2025-06-04 23:17:00,689 - segmed_pro - DEBUG - Reading DICOM file: C:\Users\Yurtsever\Downloads\segpro-med\cvm_48_t1\1.3.12.2.1107.5.2.36.40820.2021111512341579279633165_MR.dcm
2025-06-04 23:17:00,713 - segmed_pro - DEBUG - Reading DICOM file: C:\Users\Yurtsever\Downloads\segpro-med\cvm_48_t1\1.3.12.2.1107.5.2.36.40820.202111151234161027033171_MR.dcm
2025-06-04 23:17:00,735 - segmed_pro - DEBUG - Reading DICOM file: C:\Users\Yurtsever\Downloads\segpro-med\cvm_48_t1\1.3.12.2.1107.5.2.36.40820.2021111512341623308733176_MR.dcm
2025-06-04 23:17:00,756 - segmed_pro - DEBUG - Reading DICOM file: C:\Users\Yurtsever\Downloads\segpro-med\cvm_48_t1\1.3.12.2.1107.5.2.36.40820.2021111512341644779633181_MR.dcm
2025-06-04 23:17:00,779 - segmed_pro - DEBUG - Reading DICOM file: C:\Users\Yurtsever\Downloads\segpro-med\cvm_48_t1\1.3.12.2.1107.5.2.36.40820.2021111512341666461533186_MR.dcm
2025-06-04 23:17:00,802 - segmed_pro - DEBUG - Reading DICOM file: C:\Users\Yurtsever\Downloads\segpro-med\cvm_48_t1\1.3.12.2.1107.5.2.36.40820.2021111512341688430633191_MR.dcm
2025-06-04 23:17:00,825 - segmed_pro - DEBUG - Reading DICOM file: C:\Users\Yurtsever\Downloads\segpro-med\cvm_48_t1\1.3.12.2.1107.5.2.36.40820.2021111512341710546233196_MR.dcm
2025-06-04 23:17:00,849 - segmed_pro - DEBUG - Reading DICOM file: C:\Users\Yurtsever\Downloads\segpro-med\cvm_48_t1\1.3.12.2.1107.5.2.36.40820.2021111512341733208833201_MR.dcm
2025-06-04 23:17:00,872 - segmed_pro - DEBUG - Reading DICOM file: C:\Users\Yurtsever\Downloads\segpro-med\cvm_48_t1\1.3.12.2.1107.5.2.36.40820.2021111512341753545933206_MR.dcm
2025-06-04 23:17:00,895 - segmed_pro - DEBUG - Reading DICOM file: C:\Users\Yurtsever\Downloads\segpro-med\cvm_48_t1\1.3.12.2.1107.5.2.36.40820.2021111512341775486333211_MR.dcm
2025-06-04 23:17:00,918 - segmed_pro - DEBUG - Reading DICOM file: C:\Users\Yurtsever\Downloads\segpro-med\cvm_48_t1\1.3.12.2.1107.5.2.36.40820.2021111512352779416033216_MR.dcm
2025-06-04 23:17:00,942 - segmed_pro - DEBUG - Reading DICOM file: C:\Users\Yurtsever\Downloads\segpro-med\cvm_48_t1\1.3.12.2.1107.5.2.36.40820.202111151235281237733221_MR.dcm
2025-06-04 23:17:00,964 - segmed_pro - DEBUG - Reading DICOM file: C:\Users\Yurtsever\Downloads\segpro-med\cvm_48_t1\1.3.12.2.1107.5.2.36.40820.2021111512352822922433226_MR.dcm
2025-06-04 23:17:00,987 - segmed_pro - DEBUG - Reading DICOM file: C:\Users\Yurtsever\Downloads\segpro-med\cvm_48_t1\1.3.12.2.1107.5.2.36.40820.2021111512352845071133231_MR.dcm
2025-06-04 23:17:01,010 - segmed_pro - DEBUG - Reading DICOM file: C:\Users\Yurtsever\Downloads\segpro-med\cvm_48_t1\1.3.12.2.1107.5.2.36.40820.2021111512352866931233236_MR.dcm
2025-06-04 23:17:01,033 - segmed_pro - DEBUG - Reading DICOM file: C:\Users\Yurtsever\Downloads\segpro-med\cvm_48_t1\1.3.12.2.1107.5.2.36.40820.2021111512352888819833241_MR.dcm
2025-06-04 23:17:01,055 - segmed_pro - DEBUG - Reading DICOM file: C:\Users\Yurtsever\Downloads\segpro-med\cvm_48_t1\1.3.12.2.1107.5.2.36.40820.2021111512352911077633246_MR.dcm
2025-06-04 23:17:01,076 - segmed_pro - DEBUG - Reading DICOM file: C:\Users\Yurtsever\Downloads\segpro-med\cvm_48_t1\1.3.12.2.1107.5.2.36.40820.2021111512352932328233251_MR.dcm
2025-06-04 23:17:01,098 - segmed_pro - DEBUG - Reading DICOM file: C:\Users\Yurtsever\Downloads\segpro-med\cvm_48_t1\1.3.12.2.1107.5.2.36.40820.2021111512352954399933256_MR.dcm
2025-06-04 23:17:01,120 - segmed_pro - DEBUG - Reading DICOM file: C:\Users\Yurtsever\Downloads\segpro-med\cvm_48_t1\1.3.12.2.1107.5.2.36.40820.2021111512352976441533261_MR.dcm
2025-06-04 23:17:01,142 - segmed_pro - INFO - Successfully read 20 DICOM files
2025-06-04 23:17:01,142 - segmed_pro - INFO - Sorting by Instance Number
2025-06-04 23:17:01,223 - segmed_pro - INFO - Created 3D volume with shape (20, 512, 400)
2025-06-04 23:17:01,245 - segmed_pro - INFO - Extracted metadata from first slice
2025-06-04 23:31:47,978 - segmed_pro - INFO - Configured DICOM handlers: gdcm, pylibjpeg, pillow, numpy
2025-06-04 23:32:03,690 - segmed_pro - INFO - Loading DICOM series from directory: C:\Users\Yurtsever\Downloads\segpro-med\cvm_48_t1
2025-06-04 23:32:03,691 - segmed_pro - INFO - Found 20 DICOM files
2025-06-04 23:32:03,691 - segmed_pro - DEBUG - Reading DICOM file: C:\Users\Yurtsever\Downloads\segpro-med\cvm_48_t1\1.3.12.2.1107.5.2.36.40820.2021111512341579279633165_MR.dcm
2025-06-04 23:32:03,714 - segmed_pro - DEBUG - Reading DICOM file: C:\Users\Yurtsever\Downloads\segpro-med\cvm_48_t1\1.3.12.2.1107.5.2.36.40820.202111151234161027033171_MR.dcm
2025-06-04 23:32:03,738 - segmed_pro - DEBUG - Reading DICOM file: C:\Users\Yurtsever\Downloads\segpro-med\cvm_48_t1\1.3.12.2.1107.5.2.36.40820.2021111512341623308733176_MR.dcm
2025-06-04 23:32:03,762 - segmed_pro - DEBUG - Reading DICOM file: C:\Users\Yurtsever\Downloads\segpro-med\cvm_48_t1\1.3.12.2.1107.5.2.36.40820.2021111512341644779633181_MR.dcm
2025-06-04 23:32:03,785 - segmed_pro - DEBUG - Reading DICOM file: C:\Users\Yurtsever\Downloads\segpro-med\cvm_48_t1\1.3.12.2.1107.5.2.36.40820.2021111512341666461533186_MR.dcm
2025-06-04 23:32:03,808 - segmed_pro - DEBUG - Reading DICOM file: C:\Users\Yurtsever\Downloads\segpro-med\cvm_48_t1\1.3.12.2.1107.5.2.36.40820.2021111512341688430633191_MR.dcm
2025-06-04 23:32:03,830 - segmed_pro - DEBUG - Reading DICOM file: C:\Users\Yurtsever\Downloads\segpro-med\cvm_48_t1\1.3.12.2.1107.5.2.36.40820.2021111512341710546233196_MR.dcm
2025-06-04 23:32:03,853 - segmed_pro - DEBUG - Reading DICOM file: C:\Users\Yurtsever\Downloads\segpro-med\cvm_48_t1\1.3.12.2.1107.5.2.36.40820.2021111512341733208833201_MR.dcm
2025-06-04 23:32:03,876 - segmed_pro - DEBUG - Reading DICOM file: C:\Users\Yurtsever\Downloads\segpro-med\cvm_48_t1\1.3.12.2.1107.5.2.36.40820.2021111512341753545933206_MR.dcm
2025-06-04 23:32:03,898 - segmed_pro - DEBUG - Reading DICOM file: C:\Users\Yurtsever\Downloads\segpro-med\cvm_48_t1\1.3.12.2.1107.5.2.36.40820.2021111512341775486333211_MR.dcm
2025-06-04 23:32:03,920 - segmed_pro - DEBUG - Reading DICOM file: C:\Users\Yurtsever\Downloads\segpro-med\cvm_48_t1\1.3.12.2.1107.5.2.36.40820.2021111512352779416033216_MR.dcm
2025-06-04 23:32:03,941 - segmed_pro - DEBUG - Reading DICOM file: C:\Users\Yurtsever\Downloads\segpro-med\cvm_48_t1\1.3.12.2.1107.5.2.36.40820.202111151235281237733221_MR.dcm
2025-06-04 23:32:03,963 - segmed_pro - DEBUG - Reading DICOM file: C:\Users\Yurtsever\Downloads\segpro-med\cvm_48_t1\1.3.12.2.1107.5.2.36.40820.2021111512352822922433226_MR.dcm
2025-06-04 23:32:03,985 - segmed_pro - DEBUG - Reading DICOM file: C:\Users\Yurtsever\Downloads\segpro-med\cvm_48_t1\1.3.12.2.1107.5.2.36.40820.2021111512352845071133231_MR.dcm
2025-06-04 23:32:04,006 - segmed_pro - DEBUG - Reading DICOM file: C:\Users\Yurtsever\Downloads\segpro-med\cvm_48_t1\1.3.12.2.1107.5.2.36.40820.2021111512352866931233236_MR.dcm
2025-06-04 23:32:04,027 - segmed_pro - DEBUG - Reading DICOM file: C:\Users\Yurtsever\Downloads\segpro-med\cvm_48_t1\1.3.12.2.1107.5.2.36.40820.2021111512352888819833241_MR.dcm
2025-06-04 23:32:04,047 - segmed_pro - DEBUG - Reading DICOM file: C:\Users\Yurtsever\Downloads\segpro-med\cvm_48_t1\1.3.12.2.1107.5.2.36.40820.2021111512352911077633246_MR.dcm
2025-06-04 23:32:04,067 - segmed_pro - DEBUG - Reading DICOM file: C:\Users\Yurtsever\Downloads\segpro-med\cvm_48_t1\1.3.12.2.1107.5.2.36.40820.2021111512352932328233251_MR.dcm
2025-06-04 23:32:04,087 - segmed_pro - DEBUG - Reading DICOM file: C:\Users\Yurtsever\Downloads\segpro-med\cvm_48_t1\1.3.12.2.1107.5.2.36.40820.2021111512352954399933256_MR.dcm
2025-06-04 23:32:04,106 - segmed_pro - DEBUG - Reading DICOM file: C:\Users\Yurtsever\Downloads\segpro-med\cvm_48_t1\1.3.12.2.1107.5.2.36.40820.2021111512352976441533261_MR.dcm
2025-06-04 23:32:04,127 - segmed_pro - INFO - Successfully read 20 DICOM files
2025-06-04 23:32:04,127 - segmed_pro - INFO - Sorting by Instance Number
2025-06-04 23:32:04,208 - segmed_pro - INFO - Created 3D volume with shape (20, 512, 400)
2025-06-04 23:32:04,233 - segmed_pro - INFO - Extracted metadata from first slice
2025-06-04 23:46:42,845 - segmed_pro - INFO - Configured DICOM handlers: gdcm, pylibjpeg, pillow, numpy
2025-06-04 23:46:51,977 - segmed_pro - INFO - Loading DICOM series from directory: C:\Users\Yurtsever\Downloads\segpro-med\cvm_48_t1
2025-06-04 23:46:51,978 - segmed_pro - INFO - Found 20 DICOM files
2025-06-04 23:46:51,978 - segmed_pro - DEBUG - Reading DICOM file: C:\Users\Yurtsever\Downloads\segpro-med\cvm_48_t1\1.3.12.2.1107.5.2.36.40820.2021111512341579279633165_MR.dcm
2025-06-04 23:46:51,999 - segmed_pro - DEBUG - Reading DICOM file: C:\Users\Yurtsever\Downloads\segpro-med\cvm_48_t1\1.3.12.2.1107.5.2.36.40820.202111151234161027033171_MR.dcm
2025-06-04 23:46:52,022 - segmed_pro - DEBUG - Reading DICOM file: C:\Users\Yurtsever\Downloads\segpro-med\cvm_48_t1\1.3.12.2.1107.5.2.36.40820.2021111512341623308733176_MR.dcm
2025-06-04 23:46:52,044 - segmed_pro - DEBUG - Reading DICOM file: C:\Users\Yurtsever\Downloads\segpro-med\cvm_48_t1\1.3.12.2.1107.5.2.36.40820.2021111512341644779633181_MR.dcm
2025-06-04 23:46:52,067 - segmed_pro - DEBUG - Reading DICOM file: C:\Users\Yurtsever\Downloads\segpro-med\cvm_48_t1\1.3.12.2.1107.5.2.36.40820.2021111512341666461533186_MR.dcm
2025-06-04 23:46:52,089 - segmed_pro - DEBUG - Reading DICOM file: C:\Users\Yurtsever\Downloads\segpro-med\cvm_48_t1\1.3.12.2.1107.5.2.36.40820.2021111512341688430633191_MR.dcm
2025-06-04 23:46:52,112 - segmed_pro - DEBUG - Reading DICOM file: C:\Users\Yurtsever\Downloads\segpro-med\cvm_48_t1\1.3.12.2.1107.5.2.36.40820.2021111512341710546233196_MR.dcm
2025-06-04 23:46:52,134 - segmed_pro - DEBUG - Reading DICOM file: C:\Users\Yurtsever\Downloads\segpro-med\cvm_48_t1\1.3.12.2.1107.5.2.36.40820.2021111512341733208833201_MR.dcm
2025-06-04 23:46:52,156 - segmed_pro - DEBUG - Reading DICOM file: C:\Users\Yurtsever\Downloads\segpro-med\cvm_48_t1\1.3.12.2.1107.5.2.36.40820.2021111512341753545933206_MR.dcm
2025-06-04 23:46:52,178 - segmed_pro - DEBUG - Reading DICOM file: C:\Users\Yurtsever\Downloads\segpro-med\cvm_48_t1\1.3.12.2.1107.5.2.36.40820.2021111512341775486333211_MR.dcm
2025-06-04 23:46:52,201 - segmed_pro - DEBUG - Reading DICOM file: C:\Users\Yurtsever\Downloads\segpro-med\cvm_48_t1\1.3.12.2.1107.5.2.36.40820.2021111512352779416033216_MR.dcm
2025-06-04 23:46:52,223 - segmed_pro - DEBUG - Reading DICOM file: C:\Users\Yurtsever\Downloads\segpro-med\cvm_48_t1\1.3.12.2.1107.5.2.36.40820.202111151235281237733221_MR.dcm
2025-06-04 23:46:52,245 - segmed_pro - DEBUG - Reading DICOM file: C:\Users\Yurtsever\Downloads\segpro-med\cvm_48_t1\1.3.12.2.1107.5.2.36.40820.2021111512352822922433226_MR.dcm
2025-06-04 23:46:52,266 - segmed_pro - DEBUG - Reading DICOM file: C:\Users\Yurtsever\Downloads\segpro-med\cvm_48_t1\1.3.12.2.1107.5.2.36.40820.2021111512352845071133231_MR.dcm
2025-06-04 23:46:52,289 - segmed_pro - DEBUG - Reading DICOM file: C:\Users\Yurtsever\Downloads\segpro-med\cvm_48_t1\1.3.12.2.1107.5.2.36.40820.2021111512352866931233236_MR.dcm
2025-06-04 23:46:52,310 - segmed_pro - DEBUG - Reading DICOM file: C:\Users\Yurtsever\Downloads\segpro-med\cvm_48_t1\1.3.12.2.1107.5.2.36.40820.2021111512352888819833241_MR.dcm
2025-06-04 23:46:52,331 - segmed_pro - DEBUG - Reading DICOM file: C:\Users\Yurtsever\Downloads\segpro-med\cvm_48_t1\1.3.12.2.1107.5.2.36.40820.2021111512352911077633246_MR.dcm
2025-06-04 23:46:52,353 - segmed_pro - DEBUG - Reading DICOM file: C:\Users\Yurtsever\Downloads\segpro-med\cvm_48_t1\1.3.12.2.1107.5.2.36.40820.2021111512352932328233251_MR.dcm
2025-06-04 23:46:52,374 - segmed_pro - DEBUG - Reading DICOM file: C:\Users\Yurtsever\Downloads\segpro-med\cvm_48_t1\1.3.12.2.1107.5.2.36.40820.2021111512352954399933256_MR.dcm
2025-06-04 23:46:52,395 - segmed_pro - DEBUG - Reading DICOM file: C:\Users\Yurtsever\Downloads\segpro-med\cvm_48_t1\1.3.12.2.1107.5.2.36.40820.2021111512352976441533261_MR.dcm
2025-06-04 23:46:52,416 - segmed_pro - INFO - Successfully read 20 DICOM files
2025-06-04 23:46:52,416 - segmed_pro - INFO - Sorting by Instance Number
2025-06-04 23:46:52,497 - segmed_pro - INFO - Created 3D volume with shape (20, 512, 400)
2025-06-04 23:46:52,517 - segmed_pro - INFO - Extracted metadata from first slice
2025-06-04 23:46:55,155 - segmed_pro - INFO - Loading DICOM series from directory: C:\Users\Yurtsever\Downloads\segpro-med\cvm_48_t1
2025-06-04 23:46:55,157 - segmed_pro - INFO - Found 20 DICOM files
2025-06-04 23:46:55,157 - segmed_pro - DEBUG - Reading DICOM file: C:\Users\Yurtsever\Downloads\segpro-med\cvm_48_t1\1.3.12.2.1107.5.2.36.40820.2021111512341579279633165_MR.dcm
2025-06-04 23:46:55,200 - segmed_pro - DEBUG - Reading DICOM file: C:\Users\Yurtsever\Downloads\segpro-med\cvm_48_t1\1.3.12.2.1107.5.2.36.40820.202111151234161027033171_MR.dcm
2025-06-04 23:46:55,239 - segmed_pro - DEBUG - Reading DICOM file: C:\Users\Yurtsever\Downloads\segpro-med\cvm_48_t1\1.3.12.2.1107.5.2.36.40820.2021111512341623308733176_MR.dcm
2025-06-04 23:46:55,334 - segmed_pro - DEBUG - Reading DICOM file: C:\Users\Yurtsever\Downloads\segpro-med\cvm_48_t1\1.3.12.2.1107.5.2.36.40820.2021111512341644779633181_MR.dcm
2025-06-04 23:46:55,369 - segmed_pro - DEBUG - Reading DICOM file: C:\Users\Yurtsever\Downloads\segpro-med\cvm_48_t1\1.3.12.2.1107.5.2.36.40820.2021111512341666461533186_MR.dcm
2025-06-04 23:46:55,404 - segmed_pro - DEBUG - Reading DICOM file: C:\Users\Yurtsever\Downloads\segpro-med\cvm_48_t1\1.3.12.2.1107.5.2.36.40820.2021111512341688430633191_MR.dcm
2025-06-04 23:46:55,438 - segmed_pro - DEBUG - Reading DICOM file: C:\Users\Yurtsever\Downloads\segpro-med\cvm_48_t1\1.3.12.2.1107.5.2.36.40820.2021111512341710546233196_MR.dcm
2025-06-04 23:46:55,471 - segmed_pro - DEBUG - Reading DICOM file: C:\Users\Yurtsever\Downloads\segpro-med\cvm_48_t1\1.3.12.2.1107.5.2.36.40820.2021111512341733208833201_MR.dcm
2025-06-04 23:46:55,505 - segmed_pro - DEBUG - Reading DICOM file: C:\Users\Yurtsever\Downloads\segpro-med\cvm_48_t1\1.3.12.2.1107.5.2.36.40820.2021111512341753545933206_MR.dcm
2025-06-04 23:46:55,538 - segmed_pro - DEBUG - Reading DICOM file: C:\Users\Yurtsever\Downloads\segpro-med\cvm_48_t1\1.3.12.2.1107.5.2.36.40820.2021111512341775486333211_MR.dcm
2025-06-04 23:46:55,571 - segmed_pro - DEBUG - Reading DICOM file: C:\Users\Yurtsever\Downloads\segpro-med\cvm_48_t1\1.3.12.2.1107.5.2.36.40820.2021111512352779416033216_MR.dcm
2025-06-04 23:46:55,604 - segmed_pro - DEBUG - Reading DICOM file: C:\Users\Yurtsever\Downloads\segpro-med\cvm_48_t1\1.3.12.2.1107.5.2.36.40820.202111151235281237733221_MR.dcm
2025-06-04 23:46:55,636 - segmed_pro - DEBUG - Reading DICOM file: C:\Users\Yurtsever\Downloads\segpro-med\cvm_48_t1\1.3.12.2.1107.5.2.36.40820.2021111512352822922433226_MR.dcm
2025-06-04 23:46:55,669 - segmed_pro - DEBUG - Reading DICOM file: C:\Users\Yurtsever\Downloads\segpro-med\cvm_48_t1\1.3.12.2.1107.5.2.36.40820.2021111512352845071133231_MR.dcm
2025-06-04 23:46:55,702 - segmed_pro - DEBUG - Reading DICOM file: C:\Users\Yurtsever\Downloads\segpro-med\cvm_48_t1\1.3.12.2.1107.5.2.36.40820.2021111512352866931233236_MR.dcm
2025-06-04 23:46:55,734 - segmed_pro - DEBUG - Reading DICOM file: C:\Users\Yurtsever\Downloads\segpro-med\cvm_48_t1\1.3.12.2.1107.5.2.36.40820.2021111512352888819833241_MR.dcm
2025-06-04 23:46:55,766 - segmed_pro - DEBUG - Reading DICOM file: C:\Users\Yurtsever\Downloads\segpro-med\cvm_48_t1\1.3.12.2.1107.5.2.36.40820.2021111512352911077633246_MR.dcm
2025-06-04 23:46:55,799 - segmed_pro - DEBUG - Reading DICOM file: C:\Users\Yurtsever\Downloads\segpro-med\cvm_48_t1\1.3.12.2.1107.5.2.36.40820.2021111512352932328233251_MR.dcm
2025-06-04 23:46:55,832 - segmed_pro - DEBUG - Reading DICOM file: C:\Users\Yurtsever\Downloads\segpro-med\cvm_48_t1\1.3.12.2.1107.5.2.36.40820.2021111512352954399933256_MR.dcm
2025-06-04 23:46:55,866 - segmed_pro - DEBUG - Reading DICOM file: C:\Users\Yurtsever\Downloads\segpro-med\cvm_48_t1\1.3.12.2.1107.5.2.36.40820.2021111512352976441533261_MR.dcm
2025-06-04 23:46:55,898 - segmed_pro - INFO - Successfully read 20 DICOM files
2025-06-04 23:46:55,899 - segmed_pro - INFO - Sorting by Instance Number
2025-06-04 23:46:56,036 - segmed_pro - INFO - Created 3D volume with shape (20, 512, 400)
2025-06-04 23:46:56,072 - segmed_pro - INFO - Extracted metadata from first slice
2025-06-04 23:49:07,634 - segmed_pro - INFO - Configured DICOM handlers: gdcm, pylibjpeg, pillow, numpy
2025-06-04 23:49:16,740 - segmed_pro - INFO - Loading DICOM series from directory: C:\Users\Yurtsever\Downloads\segpro-med\cvm_48_t1
2025-06-04 23:49:16,742 - segmed_pro - INFO - Found 20 DICOM files
2025-06-04 23:49:16,742 - segmed_pro - DEBUG - Reading DICOM file: C:\Users\Yurtsever\Downloads\segpro-med\cvm_48_t1\1.3.12.2.1107.5.2.36.40820.2021111512341579279633165_MR.dcm
2025-06-04 23:49:16,780 - segmed_pro - DEBUG - Reading DICOM file: C:\Users\Yurtsever\Downloads\segpro-med\cvm_48_t1\1.3.12.2.1107.5.2.36.40820.202111151234161027033171_MR.dcm
2025-06-04 23:49:16,815 - segmed_pro - DEBUG - Reading DICOM file: C:\Users\Yurtsever\Downloads\segpro-med\cvm_48_t1\1.3.12.2.1107.5.2.36.40820.2021111512341623308733176_MR.dcm
2025-06-04 23:49:16,905 - segmed_pro - DEBUG - Reading DICOM file: C:\Users\Yurtsever\Downloads\segpro-med\cvm_48_t1\1.3.12.2.1107.5.2.36.40820.2021111512341644779633181_MR.dcm
2025-06-04 23:49:16,948 - segmed_pro - DEBUG - Reading DICOM file: C:\Users\Yurtsever\Downloads\segpro-med\cvm_48_t1\1.3.12.2.1107.5.2.36.40820.2021111512341666461533186_MR.dcm
2025-06-04 23:49:16,982 - segmed_pro - DEBUG - Reading DICOM file: C:\Users\Yurtsever\Downloads\segpro-med\cvm_48_t1\1.3.12.2.1107.5.2.36.40820.2021111512341688430633191_MR.dcm
2025-06-04 23:49:17,016 - segmed_pro - DEBUG - Reading DICOM file: C:\Users\Yurtsever\Downloads\segpro-med\cvm_48_t1\1.3.12.2.1107.5.2.36.40820.2021111512341710546233196_MR.dcm
2025-06-04 23:49:17,050 - segmed_pro - DEBUG - Reading DICOM file: C:\Users\Yurtsever\Downloads\segpro-med\cvm_48_t1\1.3.12.2.1107.5.2.36.40820.2021111512341733208833201_MR.dcm
2025-06-04 23:49:17,082 - segmed_pro - DEBUG - Reading DICOM file: C:\Users\Yurtsever\Downloads\segpro-med\cvm_48_t1\1.3.12.2.1107.5.2.36.40820.2021111512341753545933206_MR.dcm
2025-06-04 23:49:17,115 - segmed_pro - DEBUG - Reading DICOM file: C:\Users\Yurtsever\Downloads\segpro-med\cvm_48_t1\1.3.12.2.1107.5.2.36.40820.2021111512341775486333211_MR.dcm
2025-06-04 23:49:17,147 - segmed_pro - DEBUG - Reading DICOM file: C:\Users\Yurtsever\Downloads\segpro-med\cvm_48_t1\1.3.12.2.1107.5.2.36.40820.2021111512352779416033216_MR.dcm
2025-06-04 23:49:17,180 - segmed_pro - DEBUG - Reading DICOM file: C:\Users\Yurtsever\Downloads\segpro-med\cvm_48_t1\1.3.12.2.1107.5.2.36.40820.202111151235281237733221_MR.dcm
2025-06-04 23:49:17,213 - segmed_pro - DEBUG - Reading DICOM file: C:\Users\Yurtsever\Downloads\segpro-med\cvm_48_t1\1.3.12.2.1107.5.2.36.40820.2021111512352822922433226_MR.dcm
2025-06-04 23:49:17,245 - segmed_pro - DEBUG - Reading DICOM file: C:\Users\Yurtsever\Downloads\segpro-med\cvm_48_t1\1.3.12.2.1107.5.2.36.40820.2021111512352845071133231_MR.dcm
2025-06-04 23:49:17,277 - segmed_pro - DEBUG - Reading DICOM file: C:\Users\Yurtsever\Downloads\segpro-med\cvm_48_t1\1.3.12.2.1107.5.2.36.40820.2021111512352866931233236_MR.dcm
2025-06-04 23:49:17,310 - segmed_pro - DEBUG - Reading DICOM file: C:\Users\Yurtsever\Downloads\segpro-med\cvm_48_t1\1.3.12.2.1107.5.2.36.40820.2021111512352888819833241_MR.dcm
2025-06-04 23:49:17,344 - segmed_pro - DEBUG - Reading DICOM file: C:\Users\Yurtsever\Downloads\segpro-med\cvm_48_t1\1.3.12.2.1107.5.2.36.40820.2021111512352911077633246_MR.dcm
2025-06-04 23:49:17,376 - segmed_pro - DEBUG - Reading DICOM file: C:\Users\Yurtsever\Downloads\segpro-med\cvm_48_t1\1.3.12.2.1107.5.2.36.40820.2021111512352932328233251_MR.dcm
2025-06-04 23:49:17,409 - segmed_pro - DEBUG - Reading DICOM file: C:\Users\Yurtsever\Downloads\segpro-med\cvm_48_t1\1.3.12.2.1107.5.2.36.40820.2021111512352954399933256_MR.dcm
2025-06-04 23:49:17,442 - segmed_pro - DEBUG - Reading DICOM file: C:\Users\Yurtsever\Downloads\segpro-med\cvm_48_t1\1.3.12.2.1107.5.2.36.40820.2021111512352976441533261_MR.dcm
2025-06-04 23:49:17,474 - segmed_pro - INFO - Successfully read 20 DICOM files
2025-06-04 23:49:17,475 - segmed_pro - INFO - Sorting by Instance Number
2025-06-04 23:49:17,602 - segmed_pro - INFO - Created 3D volume with shape (20, 512, 400)
2025-06-04 23:49:17,639 - segmed_pro - INFO - Extracted metadata from first slice
2025-06-05 00:00:36,293 - segmed_pro - INFO - Configured DICOM handlers: gdcm, pylibjpeg, pillow, numpy
2025-06-05 00:00:44,028 - segmed_pro - INFO - Loading DICOM series from directory: C:\Users\Yurtsever\Downloads\segpro-med\cvm_48_t1
2025-06-05 00:00:44,030 - segmed_pro - INFO - Found 20 DICOM files
2025-06-05 00:00:44,031 - segmed_pro - DEBUG - Reading DICOM file: C:\Users\Yurtsever\Downloads\segpro-med\cvm_48_t1\1.3.12.2.1107.5.2.36.40820.2021111512341579279633165_MR.dcm
2025-06-05 00:00:44,069 - segmed_pro - DEBUG - Reading DICOM file: C:\Users\Yurtsever\Downloads\segpro-med\cvm_48_t1\1.3.12.2.1107.5.2.36.40820.202111151234161027033171_MR.dcm
2025-06-05 00:00:44,104 - segmed_pro - DEBUG - Reading DICOM file: C:\Users\Yurtsever\Downloads\segpro-med\cvm_48_t1\1.3.12.2.1107.5.2.36.40820.2021111512341623308733176_MR.dcm
2025-06-05 00:00:44,138 - segmed_pro - DEBUG - Reading DICOM file: C:\Users\Yurtsever\Downloads\segpro-med\cvm_48_t1\1.3.12.2.1107.5.2.36.40820.2021111512341644779633181_MR.dcm
2025-06-05 00:00:44,173 - segmed_pro - DEBUG - Reading DICOM file: C:\Users\Yurtsever\Downloads\segpro-med\cvm_48_t1\1.3.12.2.1107.5.2.36.40820.2021111512341666461533186_MR.dcm
2025-06-05 00:00:44,207 - segmed_pro - DEBUG - Reading DICOM file: C:\Users\Yurtsever\Downloads\segpro-med\cvm_48_t1\1.3.12.2.1107.5.2.36.40820.2021111512341688430633191_MR.dcm
2025-06-05 00:00:44,242 - segmed_pro - DEBUG - Reading DICOM file: C:\Users\Yurtsever\Downloads\segpro-med\cvm_48_t1\1.3.12.2.1107.5.2.36.40820.2021111512341710546233196_MR.dcm
2025-06-05 00:00:44,276 - segmed_pro - DEBUG - Reading DICOM file: C:\Users\Yurtsever\Downloads\segpro-med\cvm_48_t1\1.3.12.2.1107.5.2.36.40820.2021111512341733208833201_MR.dcm
2025-06-05 00:00:44,310 - segmed_pro - DEBUG - Reading DICOM file: C:\Users\Yurtsever\Downloads\segpro-med\cvm_48_t1\1.3.12.2.1107.5.2.36.40820.2021111512341753545933206_MR.dcm
2025-06-05 00:00:44,344 - segmed_pro - DEBUG - Reading DICOM file: C:\Users\Yurtsever\Downloads\segpro-med\cvm_48_t1\1.3.12.2.1107.5.2.36.40820.2021111512341775486333211_MR.dcm
2025-06-05 00:00:44,378 - segmed_pro - DEBUG - Reading DICOM file: C:\Users\Yurtsever\Downloads\segpro-med\cvm_48_t1\1.3.12.2.1107.5.2.36.40820.2021111512352779416033216_MR.dcm
2025-06-05 00:00:44,411 - segmed_pro - DEBUG - Reading DICOM file: C:\Users\Yurtsever\Downloads\segpro-med\cvm_48_t1\1.3.12.2.1107.5.2.36.40820.202111151235281237733221_MR.dcm
2025-06-05 00:00:44,444 - segmed_pro - DEBUG - Reading DICOM file: C:\Users\Yurtsever\Downloads\segpro-med\cvm_48_t1\1.3.12.2.1107.5.2.36.40820.2021111512352822922433226_MR.dcm
2025-06-05 00:00:44,477 - segmed_pro - DEBUG - Reading DICOM file: C:\Users\Yurtsever\Downloads\segpro-med\cvm_48_t1\1.3.12.2.1107.5.2.36.40820.2021111512352845071133231_MR.dcm
2025-06-05 00:00:44,511 - segmed_pro - DEBUG - Reading DICOM file: C:\Users\Yurtsever\Downloads\segpro-med\cvm_48_t1\1.3.12.2.1107.5.2.36.40820.2021111512352866931233236_MR.dcm
2025-06-05 00:00:44,544 - segmed_pro - DEBUG - Reading DICOM file: C:\Users\Yurtsever\Downloads\segpro-med\cvm_48_t1\1.3.12.2.1107.5.2.36.40820.2021111512352888819833241_MR.dcm
2025-06-05 00:00:44,578 - segmed_pro - DEBUG - Reading DICOM file: C:\Users\Yurtsever\Downloads\segpro-med\cvm_48_t1\1.3.12.2.1107.5.2.36.40820.2021111512352911077633246_MR.dcm
2025-06-05 00:00:44,612 - segmed_pro - DEBUG - Reading DICOM file: C:\Users\Yurtsever\Downloads\segpro-med\cvm_48_t1\1.3.12.2.1107.5.2.36.40820.2021111512352932328233251_MR.dcm
2025-06-05 00:00:44,645 - segmed_pro - DEBUG - Reading DICOM file: C:\Users\Yurtsever\Downloads\segpro-med\cvm_48_t1\1.3.12.2.1107.5.2.36.40820.2021111512352954399933256_MR.dcm
2025-06-05 00:00:44,679 - segmed_pro - DEBUG - Reading DICOM file: C:\Users\Yurtsever\Downloads\segpro-med\cvm_48_t1\1.3.12.2.1107.5.2.36.40820.2021111512352976441533261_MR.dcm
2025-06-05 00:00:44,712 - segmed_pro - INFO - Successfully read 20 DICOM files
2025-06-05 00:00:44,712 - segmed_pro - INFO - Sorting by Instance Number
2025-06-05 00:00:44,835 - segmed_pro - INFO - Created 3D volume with shape (20, 512, 400)
2025-06-05 00:00:44,870 - segmed_pro - INFO - Extracted metadata from first slice
2025-06-05 00:00:55,237 - segmed_pro - ERROR - Exception in run_full_annotation_workflow: name 'load_result' is not defined
2025-06-05 00:00:55,238 - segmed_pro - DEBUG - Traceback:
Traceback (most recent call last):
  File "c:\Users\Yurtsever\Downloads\segpro-med\utils\debug_utils.py", line 42, in wrapper
    return func(*args, **kwargs)
           ^^^^^^^^^^^^^^^^^^^^^
  File "c:\Users\Yurtsever\Downloads\segpro-med\ui\medsam2_handlers.py", line 258, in run_full_annotation_workflow
    return f"{annotation_result}\n{load_result}", result_image
                                   ^^^^^^^^^^^
NameError: name 'load_result' is not defined

2025-06-05 00:01:24,824 - segmed_pro - INFO - Configured DICOM handlers: gdcm, pylibjpeg, pillow, numpy
2025-06-05 00:01:32,663 - segmed_pro - INFO - Loading DICOM series from directory: C:\Users\Yurtsever\Downloads\segpro-med\cvm_48_t1
2025-06-05 00:01:32,664 - segmed_pro - INFO - Found 20 DICOM files
2025-06-05 00:01:32,664 - segmed_pro - DEBUG - Reading DICOM file: C:\Users\Yurtsever\Downloads\segpro-med\cvm_48_t1\1.3.12.2.1107.5.2.36.40820.2021111512341579279633165_MR.dcm
2025-06-05 00:01:32,686 - segmed_pro - DEBUG - Reading DICOM file: C:\Users\Yurtsever\Downloads\segpro-med\cvm_48_t1\1.3.12.2.1107.5.2.36.40820.202111151234161027033171_MR.dcm
2025-06-05 00:01:32,707 - segmed_pro - DEBUG - Reading DICOM file: C:\Users\Yurtsever\Downloads\segpro-med\cvm_48_t1\1.3.12.2.1107.5.2.36.40820.2021111512341623308733176_MR.dcm
2025-06-05 00:01:32,729 - segmed_pro - DEBUG - Reading DICOM file: C:\Users\Yurtsever\Downloads\segpro-med\cvm_48_t1\1.3.12.2.1107.5.2.36.40820.2021111512341644779633181_MR.dcm
2025-06-05 00:01:32,751 - segmed_pro - DEBUG - Reading DICOM file: C:\Users\Yurtsever\Downloads\segpro-med\cvm_48_t1\1.3.12.2.1107.5.2.36.40820.2021111512341666461533186_MR.dcm
2025-06-05 00:01:32,772 - segmed_pro - DEBUG - Reading DICOM file: C:\Users\Yurtsever\Downloads\segpro-med\cvm_48_t1\1.3.12.2.1107.5.2.36.40820.2021111512341688430633191_MR.dcm
2025-06-05 00:01:32,793 - segmed_pro - DEBUG - Reading DICOM file: C:\Users\Yurtsever\Downloads\segpro-med\cvm_48_t1\1.3.12.2.1107.5.2.36.40820.2021111512341710546233196_MR.dcm
2025-06-05 00:01:32,815 - segmed_pro - DEBUG - Reading DICOM file: C:\Users\Yurtsever\Downloads\segpro-med\cvm_48_t1\1.3.12.2.1107.5.2.36.40820.2021111512341733208833201_MR.dcm
2025-06-05 00:01:32,838 - segmed_pro - DEBUG - Reading DICOM file: C:\Users\Yurtsever\Downloads\segpro-med\cvm_48_t1\1.3.12.2.1107.5.2.36.40820.2021111512341753545933206_MR.dcm
2025-06-05 00:01:32,860 - segmed_pro - DEBUG - Reading DICOM file: C:\Users\Yurtsever\Downloads\segpro-med\cvm_48_t1\1.3.12.2.1107.5.2.36.40820.2021111512341775486333211_MR.dcm
2025-06-05 00:01:32,883 - segmed_pro - DEBUG - Reading DICOM file: C:\Users\Yurtsever\Downloads\segpro-med\cvm_48_t1\1.3.12.2.1107.5.2.36.40820.2021111512352779416033216_MR.dcm
2025-06-05 00:01:32,906 - segmed_pro - DEBUG - Reading DICOM file: C:\Users\Yurtsever\Downloads\segpro-med\cvm_48_t1\1.3.12.2.1107.5.2.36.40820.202111151235281237733221_MR.dcm
2025-06-05 00:01:32,929 - segmed_pro - DEBUG - Reading DICOM file: C:\Users\Yurtsever\Downloads\segpro-med\cvm_48_t1\1.3.12.2.1107.5.2.36.40820.2021111512352822922433226_MR.dcm
2025-06-05 00:01:32,952 - segmed_pro - DEBUG - Reading DICOM file: C:\Users\Yurtsever\Downloads\segpro-med\cvm_48_t1\1.3.12.2.1107.5.2.36.40820.2021111512352845071133231_MR.dcm
2025-06-05 00:01:32,975 - segmed_pro - DEBUG - Reading DICOM file: C:\Users\Yurtsever\Downloads\segpro-med\cvm_48_t1\1.3.12.2.1107.5.2.36.40820.2021111512352866931233236_MR.dcm
2025-06-05 00:01:32,998 - segmed_pro - DEBUG - Reading DICOM file: C:\Users\Yurtsever\Downloads\segpro-med\cvm_48_t1\1.3.12.2.1107.5.2.36.40820.2021111512352888819833241_MR.dcm
2025-06-05 00:01:33,020 - segmed_pro - DEBUG - Reading DICOM file: C:\Users\Yurtsever\Downloads\segpro-med\cvm_48_t1\1.3.12.2.1107.5.2.36.40820.2021111512352911077633246_MR.dcm
2025-06-05 00:01:33,042 - segmed_pro - DEBUG - Reading DICOM file: C:\Users\Yurtsever\Downloads\segpro-med\cvm_48_t1\1.3.12.2.1107.5.2.36.40820.2021111512352932328233251_MR.dcm
2025-06-05 00:01:33,063 - segmed_pro - DEBUG - Reading DICOM file: C:\Users\Yurtsever\Downloads\segpro-med\cvm_48_t1\1.3.12.2.1107.5.2.36.40820.2021111512352954399933256_MR.dcm
2025-06-05 00:01:33,085 - segmed_pro - DEBUG - Reading DICOM file: C:\Users\Yurtsever\Downloads\segpro-med\cvm_48_t1\1.3.12.2.1107.5.2.36.40820.2021111512352976441533261_MR.dcm
2025-06-05 00:01:33,106 - segmed_pro - INFO - Successfully read 20 DICOM files
2025-06-05 00:01:33,106 - segmed_pro - INFO - Sorting by Instance Number
2025-06-05 00:01:33,187 - segmed_pro - INFO - Created 3D volume with shape (20, 512, 400)
2025-06-05 00:01:33,225 - segmed_pro - INFO - Extracted metadata from first slice
2025-06-05 00:11:08,562 - segmed_pro - INFO - Configured DICOM handlers: gdcm, pylibjpeg, pillow, numpy
2025-06-05 00:11:13,938 - segmed_pro - INFO - Loading DICOM series from directory: C:\Users\Yurtsever\Downloads\segpro-med\cvm_48_t1
2025-06-05 00:11:13,939 - segmed_pro - INFO - Found 20 DICOM files
2025-06-05 00:11:13,939 - segmed_pro - DEBUG - Reading DICOM file: C:\Users\Yurtsever\Downloads\segpro-med\cvm_48_t1\1.3.12.2.1107.5.2.36.40820.2021111512341579279633165_MR.dcm
2025-06-05 00:11:13,960 - segmed_pro - DEBUG - Reading DICOM file: C:\Users\Yurtsever\Downloads\segpro-med\cvm_48_t1\1.3.12.2.1107.5.2.36.40820.202111151234161027033171_MR.dcm
2025-06-05 00:11:13,981 - segmed_pro - DEBUG - Reading DICOM file: C:\Users\Yurtsever\Downloads\segpro-med\cvm_48_t1\1.3.12.2.1107.5.2.36.40820.2021111512341623308733176_MR.dcm
2025-06-05 00:11:14,002 - segmed_pro - DEBUG - Reading DICOM file: C:\Users\Yurtsever\Downloads\segpro-med\cvm_48_t1\1.3.12.2.1107.5.2.36.40820.2021111512341644779633181_MR.dcm
2025-06-05 00:11:14,024 - segmed_pro - DEBUG - Reading DICOM file: C:\Users\Yurtsever\Downloads\segpro-med\cvm_48_t1\1.3.12.2.1107.5.2.36.40820.2021111512341666461533186_MR.dcm
2025-06-05 00:11:14,045 - segmed_pro - DEBUG - Reading DICOM file: C:\Users\Yurtsever\Downloads\segpro-med\cvm_48_t1\1.3.12.2.1107.5.2.36.40820.2021111512341688430633191_MR.dcm
2025-06-05 00:11:14,067 - segmed_pro - DEBUG - Reading DICOM file: C:\Users\Yurtsever\Downloads\segpro-med\cvm_48_t1\1.3.12.2.1107.5.2.36.40820.2021111512341710546233196_MR.dcm
2025-06-05 00:11:14,089 - segmed_pro - DEBUG - Reading DICOM file: C:\Users\Yurtsever\Downloads\segpro-med\cvm_48_t1\1.3.12.2.1107.5.2.36.40820.2021111512341733208833201_MR.dcm
2025-06-05 00:11:14,110 - segmed_pro - DEBUG - Reading DICOM file: C:\Users\Yurtsever\Downloads\segpro-med\cvm_48_t1\1.3.12.2.1107.5.2.36.40820.2021111512341753545933206_MR.dcm
2025-06-05 00:11:14,131 - segmed_pro - DEBUG - Reading DICOM file: C:\Users\Yurtsever\Downloads\segpro-med\cvm_48_t1\1.3.12.2.1107.5.2.36.40820.2021111512341775486333211_MR.dcm
2025-06-05 00:11:14,152 - segmed_pro - DEBUG - Reading DICOM file: C:\Users\Yurtsever\Downloads\segpro-med\cvm_48_t1\1.3.12.2.1107.5.2.36.40820.2021111512352779416033216_MR.dcm
2025-06-05 00:11:14,174 - segmed_pro - DEBUG - Reading DICOM file: C:\Users\Yurtsever\Downloads\segpro-med\cvm_48_t1\1.3.12.2.1107.5.2.36.40820.202111151235281237733221_MR.dcm
2025-06-05 00:11:14,196 - segmed_pro - DEBUG - Reading DICOM file: C:\Users\Yurtsever\Downloads\segpro-med\cvm_48_t1\1.3.12.2.1107.5.2.36.40820.2021111512352822922433226_MR.dcm
2025-06-05 00:11:14,216 - segmed_pro - DEBUG - Reading DICOM file: C:\Users\Yurtsever\Downloads\segpro-med\cvm_48_t1\1.3.12.2.1107.5.2.36.40820.2021111512352845071133231_MR.dcm
2025-06-05 00:11:14,238 - segmed_pro - DEBUG - Reading DICOM file: C:\Users\Yurtsever\Downloads\segpro-med\cvm_48_t1\1.3.12.2.1107.5.2.36.40820.2021111512352866931233236_MR.dcm
2025-06-05 00:11:14,260 - segmed_pro - DEBUG - Reading DICOM file: C:\Users\Yurtsever\Downloads\segpro-med\cvm_48_t1\1.3.12.2.1107.5.2.36.40820.2021111512352888819833241_MR.dcm
2025-06-05 00:11:14,280 - segmed_pro - DEBUG - Reading DICOM file: C:\Users\Yurtsever\Downloads\segpro-med\cvm_48_t1\1.3.12.2.1107.5.2.36.40820.2021111512352911077633246_MR.dcm
2025-06-05 00:11:14,301 - segmed_pro - DEBUG - Reading DICOM file: C:\Users\Yurtsever\Downloads\segpro-med\cvm_48_t1\1.3.12.2.1107.5.2.36.40820.2021111512352932328233251_MR.dcm
2025-06-05 00:11:14,322 - segmed_pro - DEBUG - Reading DICOM file: C:\Users\Yurtsever\Downloads\segpro-med\cvm_48_t1\1.3.12.2.1107.5.2.36.40820.2021111512352954399933256_MR.dcm
2025-06-05 00:11:14,343 - segmed_pro - DEBUG - Reading DICOM file: C:\Users\Yurtsever\Downloads\segpro-med\cvm_48_t1\1.3.12.2.1107.5.2.36.40820.2021111512352976441533261_MR.dcm
2025-06-05 00:11:14,363 - segmed_pro - INFO - Successfully read 20 DICOM files
2025-06-05 00:11:14,364 - segmed_pro - INFO - Sorting by Instance Number
2025-06-05 00:11:14,443 - segmed_pro - INFO - Created 3D volume with shape (20, 512, 400)
2025-06-05 00:11:14,463 - segmed_pro - INFO - Extracted metadata from first slice
2025-06-05 00:27:11,903 - segmed_pro - INFO - Configured DICOM handlers: gdcm, pylibjpeg, pillow, numpy
2025-06-05 00:27:22,578 - segmed_pro - INFO - Loading DICOM series from directory: C:\Users\Yurtsever\Downloads\segpro-med\cvm_48_t1
2025-06-05 00:27:22,580 - segmed_pro - INFO - Found 20 DICOM files
2025-06-05 00:27:22,580 - segmed_pro - DEBUG - Reading DICOM file: C:\Users\Yurtsever\Downloads\segpro-med\cvm_48_t1\1.3.12.2.1107.5.2.36.40820.2021111512341579279633165_MR.dcm
2025-06-05 00:27:22,618 - segmed_pro - DEBUG - Reading DICOM file: C:\Users\Yurtsever\Downloads\segpro-med\cvm_48_t1\1.3.12.2.1107.5.2.36.40820.202111151234161027033171_MR.dcm
2025-06-05 00:27:22,651 - segmed_pro - DEBUG - Reading DICOM file: C:\Users\Yurtsever\Downloads\segpro-med\cvm_48_t1\1.3.12.2.1107.5.2.36.40820.2021111512341623308733176_MR.dcm
2025-06-05 00:27:22,685 - segmed_pro - DEBUG - Reading DICOM file: C:\Users\Yurtsever\Downloads\segpro-med\cvm_48_t1\1.3.12.2.1107.5.2.36.40820.2021111512341644779633181_MR.dcm
2025-06-05 00:27:22,719 - segmed_pro - DEBUG - Reading DICOM file: C:\Users\Yurtsever\Downloads\segpro-med\cvm_48_t1\1.3.12.2.1107.5.2.36.40820.2021111512341666461533186_MR.dcm
2025-06-05 00:27:22,752 - segmed_pro - DEBUG - Reading DICOM file: C:\Users\Yurtsever\Downloads\segpro-med\cvm_48_t1\1.3.12.2.1107.5.2.36.40820.2021111512341688430633191_MR.dcm
2025-06-05 00:27:22,787 - segmed_pro - DEBUG - Reading DICOM file: C:\Users\Yurtsever\Downloads\segpro-med\cvm_48_t1\1.3.12.2.1107.5.2.36.40820.2021111512341710546233196_MR.dcm
2025-06-05 00:27:22,821 - segmed_pro - DEBUG - Reading DICOM file: C:\Users\Yurtsever\Downloads\segpro-med\cvm_48_t1\1.3.12.2.1107.5.2.36.40820.2021111512341733208833201_MR.dcm
2025-06-05 00:27:22,854 - segmed_pro - DEBUG - Reading DICOM file: C:\Users\Yurtsever\Downloads\segpro-med\cvm_48_t1\1.3.12.2.1107.5.2.36.40820.2021111512341753545933206_MR.dcm
2025-06-05 00:27:22,886 - segmed_pro - DEBUG - Reading DICOM file: C:\Users\Yurtsever\Downloads\segpro-med\cvm_48_t1\1.3.12.2.1107.5.2.36.40820.2021111512341775486333211_MR.dcm
2025-06-05 00:27:22,920 - segmed_pro - DEBUG - Reading DICOM file: C:\Users\Yurtsever\Downloads\segpro-med\cvm_48_t1\1.3.12.2.1107.5.2.36.40820.2021111512352779416033216_MR.dcm
2025-06-05 00:27:22,953 - segmed_pro - DEBUG - Reading DICOM file: C:\Users\Yurtsever\Downloads\segpro-med\cvm_48_t1\1.3.12.2.1107.5.2.36.40820.202111151235281237733221_MR.dcm
2025-06-05 00:27:22,986 - segmed_pro - DEBUG - Reading DICOM file: C:\Users\Yurtsever\Downloads\segpro-med\cvm_48_t1\1.3.12.2.1107.5.2.36.40820.2021111512352822922433226_MR.dcm
2025-06-05 00:27:23,019 - segmed_pro - DEBUG - Reading DICOM file: C:\Users\Yurtsever\Downloads\segpro-med\cvm_48_t1\1.3.12.2.1107.5.2.36.40820.2021111512352845071133231_MR.dcm
2025-06-05 00:27:23,053 - segmed_pro - DEBUG - Reading DICOM file: C:\Users\Yurtsever\Downloads\segpro-med\cvm_48_t1\1.3.12.2.1107.5.2.36.40820.2021111512352866931233236_MR.dcm
2025-06-05 00:27:23,086 - segmed_pro - DEBUG - Reading DICOM file: C:\Users\Yurtsever\Downloads\segpro-med\cvm_48_t1\1.3.12.2.1107.5.2.36.40820.2021111512352888819833241_MR.dcm
2025-06-05 00:27:23,119 - segmed_pro - DEBUG - Reading DICOM file: C:\Users\Yurtsever\Downloads\segpro-med\cvm_48_t1\1.3.12.2.1107.5.2.36.40820.2021111512352911077633246_MR.dcm
2025-06-05 00:27:23,152 - segmed_pro - DEBUG - Reading DICOM file: C:\Users\Yurtsever\Downloads\segpro-med\cvm_48_t1\1.3.12.2.1107.5.2.36.40820.2021111512352932328233251_MR.dcm
2025-06-05 00:27:23,187 - segmed_pro - DEBUG - Reading DICOM file: C:\Users\Yurtsever\Downloads\segpro-med\cvm_48_t1\1.3.12.2.1107.5.2.36.40820.2021111512352954399933256_MR.dcm
2025-06-05 00:27:23,220 - segmed_pro - DEBUG - Reading DICOM file: C:\Users\Yurtsever\Downloads\segpro-med\cvm_48_t1\1.3.12.2.1107.5.2.36.40820.2021111512352976441533261_MR.dcm
2025-06-05 00:27:23,252 - segmed_pro - INFO - Successfully read 20 DICOM files
2025-06-05 00:27:23,252 - segmed_pro - INFO - Sorting by Instance Number
2025-06-05 00:27:23,378 - segmed_pro - INFO - Created 3D volume with shape (20, 512, 400)
2025-06-05 00:27:23,414 - segmed_pro - INFO - Extracted metadata from first slice
2025-06-05 00:27:26,073 - segmed_pro - INFO - Loading DICOM series from directory: C:\Users\Yurtsever\Downloads\segpro-med\cvm_48_t1
2025-06-05 00:27:26,075 - segmed_pro - INFO - Found 20 DICOM files
2025-06-05 00:27:26,076 - segmed_pro - DEBUG - Reading DICOM file: C:\Users\Yurtsever\Downloads\segpro-med\cvm_48_t1\1.3.12.2.1107.5.2.36.40820.2021111512341579279633165_MR.dcm
2025-06-05 00:27:26,116 - segmed_pro - DEBUG - Reading DICOM file: C:\Users\Yurtsever\Downloads\segpro-med\cvm_48_t1\1.3.12.2.1107.5.2.36.40820.202111151234161027033171_MR.dcm
2025-06-05 00:27:26,149 - segmed_pro - DEBUG - Reading DICOM file: C:\Users\Yurtsever\Downloads\segpro-med\cvm_48_t1\1.3.12.2.1107.5.2.36.40820.2021111512341623308733176_MR.dcm
2025-06-05 00:27:26,183 - segmed_pro - DEBUG - Reading DICOM file: C:\Users\Yurtsever\Downloads\segpro-med\cvm_48_t1\1.3.12.2.1107.5.2.36.40820.2021111512341644779633181_MR.dcm
2025-06-05 00:27:26,216 - segmed_pro - DEBUG - Reading DICOM file: C:\Users\Yurtsever\Downloads\segpro-med\cvm_48_t1\1.3.12.2.1107.5.2.36.40820.2021111512341666461533186_MR.dcm
2025-06-05 00:27:26,249 - segmed_pro - DEBUG - Reading DICOM file: C:\Users\Yurtsever\Downloads\segpro-med\cvm_48_t1\1.3.12.2.1107.5.2.36.40820.2021111512341688430633191_MR.dcm
2025-06-05 00:27:26,283 - segmed_pro - DEBUG - Reading DICOM file: C:\Users\Yurtsever\Downloads\segpro-med\cvm_48_t1\1.3.12.2.1107.5.2.36.40820.2021111512341710546233196_MR.dcm
2025-06-05 00:27:26,316 - segmed_pro - DEBUG - Reading DICOM file: C:\Users\Yurtsever\Downloads\segpro-med\cvm_48_t1\1.3.12.2.1107.5.2.36.40820.2021111512341733208833201_MR.dcm
2025-06-05 00:27:26,349 - segmed_pro - DEBUG - Reading DICOM file: C:\Users\Yurtsever\Downloads\segpro-med\cvm_48_t1\1.3.12.2.1107.5.2.36.40820.2021111512341753545933206_MR.dcm
2025-06-05 00:27:26,382 - segmed_pro - DEBUG - Reading DICOM file: C:\Users\Yurtsever\Downloads\segpro-med\cvm_48_t1\1.3.12.2.1107.5.2.36.40820.2021111512341775486333211_MR.dcm
2025-06-05 00:27:26,416 - segmed_pro - DEBUG - Reading DICOM file: C:\Users\Yurtsever\Downloads\segpro-med\cvm_48_t1\1.3.12.2.1107.5.2.36.40820.2021111512352779416033216_MR.dcm
2025-06-05 00:27:26,449 - segmed_pro - DEBUG - Reading DICOM file: C:\Users\Yurtsever\Downloads\segpro-med\cvm_48_t1\1.3.12.2.1107.5.2.36.40820.202111151235281237733221_MR.dcm
2025-06-05 00:27:26,482 - segmed_pro - DEBUG - Reading DICOM file: C:\Users\Yurtsever\Downloads\segpro-med\cvm_48_t1\1.3.12.2.1107.5.2.36.40820.2021111512352822922433226_MR.dcm
2025-06-05 00:27:26,515 - segmed_pro - DEBUG - Reading DICOM file: C:\Users\Yurtsever\Downloads\segpro-med\cvm_48_t1\1.3.12.2.1107.5.2.36.40820.2021111512352845071133231_MR.dcm
2025-06-05 00:27:26,548 - segmed_pro - DEBUG - Reading DICOM file: C:\Users\Yurtsever\Downloads\segpro-med\cvm_48_t1\1.3.12.2.1107.5.2.36.40820.2021111512352866931233236_MR.dcm
2025-06-05 00:27:26,580 - segmed_pro - DEBUG - Reading DICOM file: C:\Users\Yurtsever\Downloads\segpro-med\cvm_48_t1\1.3.12.2.1107.5.2.36.40820.2021111512352888819833241_MR.dcm
2025-06-05 00:27:26,613 - segmed_pro - DEBUG - Reading DICOM file: C:\Users\Yurtsever\Downloads\segpro-med\cvm_48_t1\1.3.12.2.1107.5.2.36.40820.2021111512352911077633246_MR.dcm
2025-06-05 00:27:26,645 - segmed_pro - DEBUG - Reading DICOM file: C:\Users\Yurtsever\Downloads\segpro-med\cvm_48_t1\1.3.12.2.1107.5.2.36.40820.2021111512352932328233251_MR.dcm
2025-06-05 00:27:26,734 - segmed_pro - DEBUG - Reading DICOM file: C:\Users\Yurtsever\Downloads\segpro-med\cvm_48_t1\1.3.12.2.1107.5.2.36.40820.2021111512352954399933256_MR.dcm
2025-06-05 00:27:26,777 - segmed_pro - DEBUG - Reading DICOM file: C:\Users\Yurtsever\Downloads\segpro-med\cvm_48_t1\1.3.12.2.1107.5.2.36.40820.2021111512352976441533261_MR.dcm
2025-06-05 00:27:26,810 - segmed_pro - INFO - Successfully read 20 DICOM files
2025-06-05 00:27:26,811 - segmed_pro - INFO - Sorting by Instance Number
2025-06-05 00:27:26,937 - segmed_pro - INFO - Created 3D volume with shape (20, 512, 400)
2025-06-05 00:27:26,974 - segmed_pro - INFO - Extracted metadata from first slice
2025-06-05 00:39:53,538 - segmed_pro - INFO - Configured DICOM handlers: gdcm, pylibjpeg, pillow, numpy
2025-06-05 00:40:00,353 - segmed_pro - INFO - Loading DICOM series from directory: C:\Users\Yurtsever\Downloads\segpro-med\cvm_48_t1
2025-06-05 00:40:00,354 - segmed_pro - INFO - Found 20 DICOM files
2025-06-05 00:40:00,354 - segmed_pro - DEBUG - Reading DICOM file: C:\Users\Yurtsever\Downloads\segpro-med\cvm_48_t1\1.3.12.2.1107.5.2.36.40820.2021111512341579279633165_MR.dcm
2025-06-05 00:40:00,377 - segmed_pro - DEBUG - Reading DICOM file: C:\Users\Yurtsever\Downloads\segpro-med\cvm_48_t1\1.3.12.2.1107.5.2.36.40820.202111151234161027033171_MR.dcm
2025-06-05 00:40:00,401 - segmed_pro - DEBUG - Reading DICOM file: C:\Users\Yurtsever\Downloads\segpro-med\cvm_48_t1\1.3.12.2.1107.5.2.36.40820.2021111512341623308733176_MR.dcm
2025-06-05 00:40:00,425 - segmed_pro - DEBUG - Reading DICOM file: C:\Users\Yurtsever\Downloads\segpro-med\cvm_48_t1\1.3.12.2.1107.5.2.36.40820.2021111512341644779633181_MR.dcm
2025-06-05 00:40:00,448 - segmed_pro - DEBUG - Reading DICOM file: C:\Users\Yurtsever\Downloads\segpro-med\cvm_48_t1\1.3.12.2.1107.5.2.36.40820.2021111512341666461533186_MR.dcm
2025-06-05 00:40:00,473 - segmed_pro - DEBUG - Reading DICOM file: C:\Users\Yurtsever\Downloads\segpro-med\cvm_48_t1\1.3.12.2.1107.5.2.36.40820.2021111512341688430633191_MR.dcm
2025-06-05 00:40:00,495 - segmed_pro - DEBUG - Reading DICOM file: C:\Users\Yurtsever\Downloads\segpro-med\cvm_48_t1\1.3.12.2.1107.5.2.36.40820.2021111512341710546233196_MR.dcm
2025-06-05 00:40:00,517 - segmed_pro - DEBUG - Reading DICOM file: C:\Users\Yurtsever\Downloads\segpro-med\cvm_48_t1\1.3.12.2.1107.5.2.36.40820.2021111512341733208833201_MR.dcm
2025-06-05 00:40:00,539 - segmed_pro - DEBUG - Reading DICOM file: C:\Users\Yurtsever\Downloads\segpro-med\cvm_48_t1\1.3.12.2.1107.5.2.36.40820.2021111512341753545933206_MR.dcm
2025-06-05 00:40:00,563 - segmed_pro - DEBUG - Reading DICOM file: C:\Users\Yurtsever\Downloads\segpro-med\cvm_48_t1\1.3.12.2.1107.5.2.36.40820.2021111512341775486333211_MR.dcm
2025-06-05 00:40:00,585 - segmed_pro - DEBUG - Reading DICOM file: C:\Users\Yurtsever\Downloads\segpro-med\cvm_48_t1\1.3.12.2.1107.5.2.36.40820.2021111512352779416033216_MR.dcm
2025-06-05 00:40:00,606 - segmed_pro - DEBUG - Reading DICOM file: C:\Users\Yurtsever\Downloads\segpro-med\cvm_48_t1\1.3.12.2.1107.5.2.36.40820.202111151235281237733221_MR.dcm
2025-06-05 00:40:00,627 - segmed_pro - DEBUG - Reading DICOM file: C:\Users\Yurtsever\Downloads\segpro-med\cvm_48_t1\1.3.12.2.1107.5.2.36.40820.2021111512352822922433226_MR.dcm
2025-06-05 00:40:00,648 - segmed_pro - DEBUG - Reading DICOM file: C:\Users\Yurtsever\Downloads\segpro-med\cvm_48_t1\1.3.12.2.1107.5.2.36.40820.2021111512352845071133231_MR.dcm
2025-06-05 00:40:00,669 - segmed_pro - DEBUG - Reading DICOM file: C:\Users\Yurtsever\Downloads\segpro-med\cvm_48_t1\1.3.12.2.1107.5.2.36.40820.2021111512352866931233236_MR.dcm
2025-06-05 00:40:00,691 - segmed_pro - DEBUG - Reading DICOM file: C:\Users\Yurtsever\Downloads\segpro-med\cvm_48_t1\1.3.12.2.1107.5.2.36.40820.2021111512352888819833241_MR.dcm
2025-06-05 00:40:00,712 - segmed_pro - DEBUG - Reading DICOM file: C:\Users\Yurtsever\Downloads\segpro-med\cvm_48_t1\1.3.12.2.1107.5.2.36.40820.2021111512352911077633246_MR.dcm
2025-06-05 00:40:00,743 - segmed_pro - DEBUG - Reading DICOM file: C:\Users\Yurtsever\Downloads\segpro-med\cvm_48_t1\1.3.12.2.1107.5.2.36.40820.2021111512352932328233251_MR.dcm
2025-06-05 00:40:00,771 - segmed_pro - DEBUG - Reading DICOM file: C:\Users\Yurtsever\Downloads\segpro-med\cvm_48_t1\1.3.12.2.1107.5.2.36.40820.2021111512352954399933256_MR.dcm
2025-06-05 00:40:00,792 - segmed_pro - DEBUG - Reading DICOM file: C:\Users\Yurtsever\Downloads\segpro-med\cvm_48_t1\1.3.12.2.1107.5.2.36.40820.2021111512352976441533261_MR.dcm
2025-06-05 00:40:00,813 - segmed_pro - INFO - Successfully read 20 DICOM files
2025-06-05 00:40:00,814 - segmed_pro - INFO - Sorting by Instance Number
2025-06-05 00:40:00,895 - segmed_pro - INFO - Created 3D volume with shape (20, 512, 400)
2025-06-05 00:40:00,916 - segmed_pro - INFO - Extracted metadata from first slice
2025-06-08 15:55:57,906 - segmed_pro - INFO - Configured DICOM handlers: gdcm, pylibjpeg, pillow, numpy
2025-06-08 15:56:09,117 - segmed_pro - INFO - Loading DICOM series from directory: C:\Users\Yurtsever\Downloads\segpro-med\cvm_48_t1
2025-06-08 15:56:09,121 - segmed_pro - INFO - Found 20 DICOM files
2025-06-08 15:56:09,122 - segmed_pro - DEBUG - Reading DICOM file: C:\Users\Yurtsever\Downloads\segpro-med\cvm_48_t1\1.3.12.2.1107.5.2.36.40820.2021111512341579279633165_MR.dcm
2025-06-08 15:56:09,168 - segmed_pro - DEBUG - Reading DICOM file: C:\Users\Yurtsever\Downloads\segpro-med\cvm_48_t1\1.3.12.2.1107.5.2.36.40820.202111151234161027033171_MR.dcm
2025-06-08 15:56:09,214 - segmed_pro - DEBUG - Reading DICOM file: C:\Users\Yurtsever\Downloads\segpro-med\cvm_48_t1\1.3.12.2.1107.5.2.36.40820.2021111512341623308733176_MR.dcm
2025-06-08 15:56:09,253 - segmed_pro - DEBUG - Reading DICOM file: C:\Users\Yurtsever\Downloads\segpro-med\cvm_48_t1\1.3.12.2.1107.5.2.36.40820.2021111512341644779633181_MR.dcm
2025-06-08 15:56:09,292 - segmed_pro - DEBUG - Reading DICOM file: C:\Users\Yurtsever\Downloads\segpro-med\cvm_48_t1\1.3.12.2.1107.5.2.36.40820.2021111512341666461533186_MR.dcm
2025-06-08 15:56:09,334 - segmed_pro - DEBUG - Reading DICOM file: C:\Users\Yurtsever\Downloads\segpro-med\cvm_48_t1\1.3.12.2.1107.5.2.36.40820.2021111512341688430633191_MR.dcm
2025-06-08 15:56:09,373 - segmed_pro - DEBUG - Reading DICOM file: C:\Users\Yurtsever\Downloads\segpro-med\cvm_48_t1\1.3.12.2.1107.5.2.36.40820.2021111512341710546233196_MR.dcm
2025-06-08 15:56:09,413 - segmed_pro - DEBUG - Reading DICOM file: C:\Users\Yurtsever\Downloads\segpro-med\cvm_48_t1\1.3.12.2.1107.5.2.36.40820.2021111512341733208833201_MR.dcm
2025-06-08 15:56:09,451 - segmed_pro - DEBUG - Reading DICOM file: C:\Users\Yurtsever\Downloads\segpro-med\cvm_48_t1\1.3.12.2.1107.5.2.36.40820.2021111512341753545933206_MR.dcm
2025-06-08 15:56:09,515 - segmed_pro - DEBUG - Reading DICOM file: C:\Users\Yurtsever\Downloads\segpro-med\cvm_48_t1\1.3.12.2.1107.5.2.36.40820.2021111512341775486333211_MR.dcm
2025-06-08 15:56:09,556 - segmed_pro - DEBUG - Reading DICOM file: C:\Users\Yurtsever\Downloads\segpro-med\cvm_48_t1\1.3.12.2.1107.5.2.36.40820.2021111512352779416033216_MR.dcm
2025-06-08 15:56:09,593 - segmed_pro - DEBUG - Reading DICOM file: C:\Users\Yurtsever\Downloads\segpro-med\cvm_48_t1\1.3.12.2.1107.5.2.36.40820.202111151235281237733221_MR.dcm
2025-06-08 15:56:09,631 - segmed_pro - DEBUG - Reading DICOM file: C:\Users\Yurtsever\Downloads\segpro-med\cvm_48_t1\1.3.12.2.1107.5.2.36.40820.2021111512352822922433226_MR.dcm
2025-06-08 15:56:09,671 - segmed_pro - DEBUG - Reading DICOM file: C:\Users\Yurtsever\Downloads\segpro-med\cvm_48_t1\1.3.12.2.1107.5.2.36.40820.2021111512352845071133231_MR.dcm
2025-06-08 15:56:09,708 - segmed_pro - DEBUG - Reading DICOM file: C:\Users\Yurtsever\Downloads\segpro-med\cvm_48_t1\1.3.12.2.1107.5.2.36.40820.2021111512352866931233236_MR.dcm
2025-06-08 15:56:09,747 - segmed_pro - DEBUG - Reading DICOM file: C:\Users\Yurtsever\Downloads\segpro-med\cvm_48_t1\1.3.12.2.1107.5.2.36.40820.2021111512352888819833241_MR.dcm
2025-06-08 15:56:09,790 - segmed_pro - DEBUG - Reading DICOM file: C:\Users\Yurtsever\Downloads\segpro-med\cvm_48_t1\1.3.12.2.1107.5.2.36.40820.2021111512352911077633246_MR.dcm
2025-06-08 15:56:09,833 - segmed_pro - DEBUG - Reading DICOM file: C:\Users\Yurtsever\Downloads\segpro-med\cvm_48_t1\1.3.12.2.1107.5.2.36.40820.2021111512352932328233251_MR.dcm
2025-06-08 15:56:09,874 - segmed_pro - DEBUG - Reading DICOM file: C:\Users\Yurtsever\Downloads\segpro-med\cvm_48_t1\1.3.12.2.1107.5.2.36.40820.2021111512352954399933256_MR.dcm
2025-06-08 15:56:09,913 - segmed_pro - DEBUG - Reading DICOM file: C:\Users\Yurtsever\Downloads\segpro-med\cvm_48_t1\1.3.12.2.1107.5.2.36.40820.2021111512352976441533261_MR.dcm
2025-06-08 15:56:09,952 - segmed_pro - INFO - Successfully read 20 DICOM files
2025-06-08 15:56:09,952 - segmed_pro - INFO - Sorting by Instance Number
2025-06-08 15:56:10,078 - segmed_pro - INFO - Created 3D volume with shape (20, 512, 400)
2025-06-08 15:56:10,115 - segmed_pro - INFO - Extracted metadata from first slice
2025-06-08 15:56:11,727 - segmed_pro - INFO - Loading DICOM series from directory: C:\Users\Yurtsever\Downloads\segpro-med\cvm_48_t1
2025-06-08 15:56:11,727 - segmed_pro - INFO - Found 20 DICOM files
2025-06-08 15:56:11,727 - segmed_pro - DEBUG - Reading DICOM file: C:\Users\Yurtsever\Downloads\segpro-med\cvm_48_t1\1.3.12.2.1107.5.2.36.40820.2021111512341579279633165_MR.dcm
2025-06-08 15:56:11,753 - segmed_pro - DEBUG - Reading DICOM file: C:\Users\Yurtsever\Downloads\segpro-med\cvm_48_t1\1.3.12.2.1107.5.2.36.40820.202111151234161027033171_MR.dcm
2025-06-08 15:56:11,777 - segmed_pro - DEBUG - Reading DICOM file: C:\Users\Yurtsever\Downloads\segpro-med\cvm_48_t1\1.3.12.2.1107.5.2.36.40820.2021111512341623308733176_MR.dcm
2025-06-08 15:56:11,802 - segmed_pro - DEBUG - Reading DICOM file: C:\Users\Yurtsever\Downloads\segpro-med\cvm_48_t1\1.3.12.2.1107.5.2.36.40820.2021111512341644779633181_MR.dcm
2025-06-08 15:56:11,827 - segmed_pro - DEBUG - Reading DICOM file: C:\Users\Yurtsever\Downloads\segpro-med\cvm_48_t1\1.3.12.2.1107.5.2.36.40820.2021111512341666461533186_MR.dcm
2025-06-08 15:56:11,852 - segmed_pro - DEBUG - Reading DICOM file: C:\Users\Yurtsever\Downloads\segpro-med\cvm_48_t1\1.3.12.2.1107.5.2.36.40820.2021111512341688430633191_MR.dcm
2025-06-08 15:56:11,877 - segmed_pro - DEBUG - Reading DICOM file: C:\Users\Yurtsever\Downloads\segpro-med\cvm_48_t1\1.3.12.2.1107.5.2.36.40820.2021111512341710546233196_MR.dcm
2025-06-08 15:56:11,901 - segmed_pro - DEBUG - Reading DICOM file: C:\Users\Yurtsever\Downloads\segpro-med\cvm_48_t1\1.3.12.2.1107.5.2.36.40820.2021111512341733208833201_MR.dcm
2025-06-08 15:56:11,930 - segmed_pro - DEBUG - Reading DICOM file: C:\Users\Yurtsever\Downloads\segpro-med\cvm_48_t1\1.3.12.2.1107.5.2.36.40820.2021111512341753545933206_MR.dcm
2025-06-08 15:56:11,953 - segmed_pro - DEBUG - Reading DICOM file: C:\Users\Yurtsever\Downloads\segpro-med\cvm_48_t1\1.3.12.2.1107.5.2.36.40820.2021111512341775486333211_MR.dcm
2025-06-08 15:56:11,977 - segmed_pro - DEBUG - Reading DICOM file: C:\Users\Yurtsever\Downloads\segpro-med\cvm_48_t1\1.3.12.2.1107.5.2.36.40820.2021111512352779416033216_MR.dcm
2025-06-08 15:56:12,000 - segmed_pro - DEBUG - Reading DICOM file: C:\Users\Yurtsever\Downloads\segpro-med\cvm_48_t1\1.3.12.2.1107.5.2.36.40820.202111151235281237733221_MR.dcm
2025-06-08 15:56:12,023 - segmed_pro - DEBUG - Reading DICOM file: C:\Users\Yurtsever\Downloads\segpro-med\cvm_48_t1\1.3.12.2.1107.5.2.36.40820.2021111512352822922433226_MR.dcm
2025-06-08 15:56:12,045 - segmed_pro - DEBUG - Reading DICOM file: C:\Users\Yurtsever\Downloads\segpro-med\cvm_48_t1\1.3.12.2.1107.5.2.36.40820.2021111512352845071133231_MR.dcm
2025-06-08 15:56:12,067 - segmed_pro - DEBUG - Reading DICOM file: C:\Users\Yurtsever\Downloads\segpro-med\cvm_48_t1\1.3.12.2.1107.5.2.36.40820.2021111512352866931233236_MR.dcm
2025-06-08 15:56:12,089 - segmed_pro - DEBUG - Reading DICOM file: C:\Users\Yurtsever\Downloads\segpro-med\cvm_48_t1\1.3.12.2.1107.5.2.36.40820.2021111512352888819833241_MR.dcm
2025-06-08 15:56:12,110 - segmed_pro - DEBUG - Reading DICOM file: C:\Users\Yurtsever\Downloads\segpro-med\cvm_48_t1\1.3.12.2.1107.5.2.36.40820.2021111512352911077633246_MR.dcm
2025-06-08 15:56:12,131 - segmed_pro - DEBUG - Reading DICOM file: C:\Users\Yurtsever\Downloads\segpro-med\cvm_48_t1\1.3.12.2.1107.5.2.36.40820.2021111512352932328233251_MR.dcm
2025-06-08 15:56:12,154 - segmed_pro - DEBUG - Reading DICOM file: C:\Users\Yurtsever\Downloads\segpro-med\cvm_48_t1\1.3.12.2.1107.5.2.36.40820.2021111512352954399933256_MR.dcm
2025-06-08 15:56:12,177 - segmed_pro - DEBUG - Reading DICOM file: C:\Users\Yurtsever\Downloads\segpro-med\cvm_48_t1\1.3.12.2.1107.5.2.36.40820.2021111512352976441533261_MR.dcm
2025-06-08 15:56:12,200 - segmed_pro - INFO - Successfully read 20 DICOM files
2025-06-08 15:56:12,200 - segmed_pro - INFO - Sorting by Instance Number
2025-06-08 15:56:12,281 - segmed_pro - INFO - Created 3D volume with shape (20, 512, 400)
2025-06-08 15:56:12,305 - segmed_pro - INFO - Extracted metadata from first slice
2025-06-08 15:56:41,037 - segmed_pro - INFO - Loading DICOM series from directory: C:\Users\Yurtsever\Downloads\segpro-med\cvm_48_t1
2025-06-08 15:56:41,038 - segmed_pro - INFO - Found 20 DICOM files
2025-06-08 15:56:41,038 - segmed_pro - DEBUG - Reading DICOM file: C:\Users\Yurtsever\Downloads\segpro-med\cvm_48_t1\1.3.12.2.1107.5.2.36.40820.2021111512341579279633165_MR.dcm
2025-06-08 15:56:41,060 - segmed_pro - DEBUG - Reading DICOM file: C:\Users\Yurtsever\Downloads\segpro-med\cvm_48_t1\1.3.12.2.1107.5.2.36.40820.202111151234161027033171_MR.dcm
2025-06-08 15:56:41,083 - segmed_pro - DEBUG - Reading DICOM file: C:\Users\Yurtsever\Downloads\segpro-med\cvm_48_t1\1.3.12.2.1107.5.2.36.40820.2021111512341623308733176_MR.dcm
2025-06-08 15:56:41,106 - segmed_pro - DEBUG - Reading DICOM file: C:\Users\Yurtsever\Downloads\segpro-med\cvm_48_t1\1.3.12.2.1107.5.2.36.40820.2021111512341644779633181_MR.dcm
2025-06-08 15:56:41,130 - segmed_pro - DEBUG - Reading DICOM file: C:\Users\Yurtsever\Downloads\segpro-med\cvm_48_t1\1.3.12.2.1107.5.2.36.40820.2021111512341666461533186_MR.dcm
2025-06-08 15:56:41,157 - segmed_pro - DEBUG - Reading DICOM file: C:\Users\Yurtsever\Downloads\segpro-med\cvm_48_t1\1.3.12.2.1107.5.2.36.40820.2021111512341688430633191_MR.dcm
2025-06-08 15:56:41,180 - segmed_pro - DEBUG - Reading DICOM file: C:\Users\Yurtsever\Downloads\segpro-med\cvm_48_t1\1.3.12.2.1107.5.2.36.40820.2021111512341710546233196_MR.dcm
2025-06-08 15:56:41,203 - segmed_pro - DEBUG - Reading DICOM file: C:\Users\Yurtsever\Downloads\segpro-med\cvm_48_t1\1.3.12.2.1107.5.2.36.40820.2021111512341733208833201_MR.dcm
2025-06-08 15:56:41,225 - segmed_pro - DEBUG - Reading DICOM file: C:\Users\Yurtsever\Downloads\segpro-med\cvm_48_t1\1.3.12.2.1107.5.2.36.40820.2021111512341753545933206_MR.dcm
2025-06-08 15:56:41,248 - segmed_pro - DEBUG - Reading DICOM file: C:\Users\Yurtsever\Downloads\segpro-med\cvm_48_t1\1.3.12.2.1107.5.2.36.40820.2021111512341775486333211_MR.dcm
2025-06-08 15:56:41,272 - segmed_pro - DEBUG - Reading DICOM file: C:\Users\Yurtsever\Downloads\segpro-med\cvm_48_t1\1.3.12.2.1107.5.2.36.40820.2021111512352779416033216_MR.dcm
2025-06-08 15:56:41,294 - segmed_pro - DEBUG - Reading DICOM file: C:\Users\Yurtsever\Downloads\segpro-med\cvm_48_t1\1.3.12.2.1107.5.2.36.40820.202111151235281237733221_MR.dcm
2025-06-08 15:56:41,317 - segmed_pro - DEBUG - Reading DICOM file: C:\Users\Yurtsever\Downloads\segpro-med\cvm_48_t1\1.3.12.2.1107.5.2.36.40820.2021111512352822922433226_MR.dcm
2025-06-08 15:56:41,340 - segmed_pro - DEBUG - Reading DICOM file: C:\Users\Yurtsever\Downloads\segpro-med\cvm_48_t1\1.3.12.2.1107.5.2.36.40820.2021111512352845071133231_MR.dcm
2025-06-08 15:56:41,363 - segmed_pro - DEBUG - Reading DICOM file: C:\Users\Yurtsever\Downloads\segpro-med\cvm_48_t1\1.3.12.2.1107.5.2.36.40820.2021111512352866931233236_MR.dcm
2025-06-08 15:56:41,385 - segmed_pro - DEBUG - Reading DICOM file: C:\Users\Yurtsever\Downloads\segpro-med\cvm_48_t1\1.3.12.2.1107.5.2.36.40820.2021111512352888819833241_MR.dcm
2025-06-08 15:56:41,407 - segmed_pro - DEBUG - Reading DICOM file: C:\Users\Yurtsever\Downloads\segpro-med\cvm_48_t1\1.3.12.2.1107.5.2.36.40820.2021111512352911077633246_MR.dcm
2025-06-08 15:56:41,430 - segmed_pro - DEBUG - Reading DICOM file: C:\Users\Yurtsever\Downloads\segpro-med\cvm_48_t1\1.3.12.2.1107.5.2.36.40820.2021111512352932328233251_MR.dcm
2025-06-08 15:56:41,451 - segmed_pro - DEBUG - Reading DICOM file: C:\Users\Yurtsever\Downloads\segpro-med\cvm_48_t1\1.3.12.2.1107.5.2.36.40820.2021111512352954399933256_MR.dcm
2025-06-08 15:56:41,472 - segmed_pro - DEBUG - Reading DICOM file: C:\Users\Yurtsever\Downloads\segpro-med\cvm_48_t1\1.3.12.2.1107.5.2.36.40820.2021111512352976441533261_MR.dcm
2025-06-08 15:56:41,494 - segmed_pro - INFO - Successfully read 20 DICOM files
2025-06-08 15:56:41,494 - segmed_pro - INFO - Sorting by Instance Number
2025-06-08 15:56:41,580 - segmed_pro - INFO - Created 3D volume with shape (20, 512, 400)
2025-06-08 15:56:41,603 - segmed_pro - INFO - Extracted metadata from first slice
2025-06-08 16:24:43,005 - segmed_pro - INFO - Configured DICOM handlers: gdcm, pylibjpeg, pillow, numpy
2025-06-08 16:24:57,916 - segmed_pro - INFO - Loading DICOM series from directory: C:\Users\Yurtsever\Downloads\segpro-med\cvm_48_t1
2025-06-08 16:24:57,918 - segmed_pro - INFO - Found 20 DICOM files
2025-06-08 16:24:57,918 - segmed_pro - DEBUG - Reading DICOM file: C:\Users\Yurtsever\Downloads\segpro-med\cvm_48_t1\1.3.12.2.1107.5.2.36.40820.2021111512341579279633165_MR.dcm
2025-06-08 16:24:57,958 - segmed_pro - DEBUG - Reading DICOM file: C:\Users\Yurtsever\Downloads\segpro-med\cvm_48_t1\1.3.12.2.1107.5.2.36.40820.202111151234161027033171_MR.dcm
2025-06-08 16:24:57,996 - segmed_pro - DEBUG - Reading DICOM file: C:\Users\Yurtsever\Downloads\segpro-med\cvm_48_t1\1.3.12.2.1107.5.2.36.40820.2021111512341623308733176_MR.dcm
2025-06-08 16:24:58,031 - segmed_pro - DEBUG - Reading DICOM file: C:\Users\Yurtsever\Downloads\segpro-med\cvm_48_t1\1.3.12.2.1107.5.2.36.40820.2021111512341644779633181_MR.dcm
2025-06-08 16:24:58,066 - segmed_pro - DEBUG - Reading DICOM file: C:\Users\Yurtsever\Downloads\segpro-med\cvm_48_t1\1.3.12.2.1107.5.2.36.40820.2021111512341666461533186_MR.dcm
2025-06-08 16:24:58,099 - segmed_pro - DEBUG - Reading DICOM file: C:\Users\Yurtsever\Downloads\segpro-med\cvm_48_t1\1.3.12.2.1107.5.2.36.40820.2021111512341688430633191_MR.dcm
2025-06-08 16:24:58,134 - segmed_pro - DEBUG - Reading DICOM file: C:\Users\Yurtsever\Downloads\segpro-med\cvm_48_t1\1.3.12.2.1107.5.2.36.40820.2021111512341710546233196_MR.dcm
2025-06-08 16:24:58,168 - segmed_pro - DEBUG - Reading DICOM file: C:\Users\Yurtsever\Downloads\segpro-med\cvm_48_t1\1.3.12.2.1107.5.2.36.40820.2021111512341733208833201_MR.dcm
2025-06-08 16:24:58,209 - segmed_pro - DEBUG - Reading DICOM file: C:\Users\Yurtsever\Downloads\segpro-med\cvm_48_t1\1.3.12.2.1107.5.2.36.40820.2021111512341753545933206_MR.dcm
2025-06-08 16:24:58,248 - segmed_pro - DEBUG - Reading DICOM file: C:\Users\Yurtsever\Downloads\segpro-med\cvm_48_t1\1.3.12.2.1107.5.2.36.40820.2021111512341775486333211_MR.dcm
2025-06-08 16:24:58,286 - segmed_pro - DEBUG - Reading DICOM file: C:\Users\Yurtsever\Downloads\segpro-med\cvm_48_t1\1.3.12.2.1107.5.2.36.40820.2021111512352779416033216_MR.dcm
2025-06-08 16:24:58,325 - segmed_pro - DEBUG - Reading DICOM file: C:\Users\Yurtsever\Downloads\segpro-med\cvm_48_t1\1.3.12.2.1107.5.2.36.40820.202111151235281237733221_MR.dcm
2025-06-08 16:24:58,364 - segmed_pro - DEBUG - Reading DICOM file: C:\Users\Yurtsever\Downloads\segpro-med\cvm_48_t1\1.3.12.2.1107.5.2.36.40820.2021111512352822922433226_MR.dcm
2025-06-08 16:24:58,406 - segmed_pro - DEBUG - Reading DICOM file: C:\Users\Yurtsever\Downloads\segpro-med\cvm_48_t1\1.3.12.2.1107.5.2.36.40820.2021111512352845071133231_MR.dcm
2025-06-08 16:24:58,441 - segmed_pro - DEBUG - Reading DICOM file: C:\Users\Yurtsever\Downloads\segpro-med\cvm_48_t1\1.3.12.2.1107.5.2.36.40820.2021111512352866931233236_MR.dcm
2025-06-08 16:24:58,474 - segmed_pro - DEBUG - Reading DICOM file: C:\Users\Yurtsever\Downloads\segpro-med\cvm_48_t1\1.3.12.2.1107.5.2.36.40820.2021111512352888819833241_MR.dcm
2025-06-08 16:24:58,507 - segmed_pro - DEBUG - Reading DICOM file: C:\Users\Yurtsever\Downloads\segpro-med\cvm_48_t1\1.3.12.2.1107.5.2.36.40820.2021111512352911077633246_MR.dcm
2025-06-08 16:24:58,539 - segmed_pro - DEBUG - Reading DICOM file: C:\Users\Yurtsever\Downloads\segpro-med\cvm_48_t1\1.3.12.2.1107.5.2.36.40820.2021111512352932328233251_MR.dcm
2025-06-08 16:24:58,571 - segmed_pro - DEBUG - Reading DICOM file: C:\Users\Yurtsever\Downloads\segpro-med\cvm_48_t1\1.3.12.2.1107.5.2.36.40820.2021111512352954399933256_MR.dcm
2025-06-08 16:24:58,604 - segmed_pro - DEBUG - Reading DICOM file: C:\Users\Yurtsever\Downloads\segpro-med\cvm_48_t1\1.3.12.2.1107.5.2.36.40820.2021111512352976441533261_MR.dcm
2025-06-08 16:24:58,636 - segmed_pro - INFO - Successfully read 20 DICOM files
2025-06-08 16:24:58,636 - segmed_pro - INFO - Sorting by Instance Number
2025-06-08 16:24:58,792 - segmed_pro - INFO - Created 3D volume with shape (20, 512, 400)
2025-06-08 16:24:58,830 - segmed_pro - INFO - Extracted metadata from first slice
2025-06-08 16:33:27,927 - segmed_pro - INFO - Configured DICOM handlers: gdcm, pylibjpeg, pillow, numpy
2025-06-08 16:33:35,080 - segmed_pro - INFO - Loading DICOM series from directory: C:\Users\Yurtsever\Downloads\segpro-med\cvm_48_t1
2025-06-08 16:33:35,081 - segmed_pro - INFO - Found 20 DICOM files
2025-06-08 16:33:35,081 - segmed_pro - DEBUG - Reading DICOM file: C:\Users\Yurtsever\Downloads\segpro-med\cvm_48_t1\1.3.12.2.1107.5.2.36.40820.2021111512341579279633165_MR.dcm
2025-06-08 16:33:35,105 - segmed_pro - DEBUG - Reading DICOM file: C:\Users\Yurtsever\Downloads\segpro-med\cvm_48_t1\1.3.12.2.1107.5.2.36.40820.202111151234161027033171_MR.dcm
2025-06-08 16:33:35,129 - segmed_pro - DEBUG - Reading DICOM file: C:\Users\Yurtsever\Downloads\segpro-med\cvm_48_t1\1.3.12.2.1107.5.2.36.40820.2021111512341623308733176_MR.dcm
2025-06-08 16:33:35,151 - segmed_pro - DEBUG - Reading DICOM file: C:\Users\Yurtsever\Downloads\segpro-med\cvm_48_t1\1.3.12.2.1107.5.2.36.40820.2021111512341644779633181_MR.dcm
2025-06-08 16:33:35,173 - segmed_pro - DEBUG - Reading DICOM file: C:\Users\Yurtsever\Downloads\segpro-med\cvm_48_t1\1.3.12.2.1107.5.2.36.40820.2021111512341666461533186_MR.dcm
2025-06-08 16:33:35,195 - segmed_pro - DEBUG - Reading DICOM file: C:\Users\Yurtsever\Downloads\segpro-med\cvm_48_t1\1.3.12.2.1107.5.2.36.40820.2021111512341688430633191_MR.dcm
2025-06-08 16:33:35,220 - segmed_pro - DEBUG - Reading DICOM file: C:\Users\Yurtsever\Downloads\segpro-med\cvm_48_t1\1.3.12.2.1107.5.2.36.40820.2021111512341710546233196_MR.dcm
2025-06-08 16:33:35,259 - segmed_pro - DEBUG - Reading DICOM file: C:\Users\Yurtsever\Downloads\segpro-med\cvm_48_t1\1.3.12.2.1107.5.2.36.40820.2021111512341733208833201_MR.dcm
2025-06-08 16:33:35,296 - segmed_pro - DEBUG - Reading DICOM file: C:\Users\Yurtsever\Downloads\segpro-med\cvm_48_t1\1.3.12.2.1107.5.2.36.40820.2021111512341753545933206_MR.dcm
2025-06-08 16:33:35,331 - segmed_pro - DEBUG - Reading DICOM file: C:\Users\Yurtsever\Downloads\segpro-med\cvm_48_t1\1.3.12.2.1107.5.2.36.40820.2021111512341775486333211_MR.dcm
2025-06-08 16:33:35,364 - segmed_pro - DEBUG - Reading DICOM file: C:\Users\Yurtsever\Downloads\segpro-med\cvm_48_t1\1.3.12.2.1107.5.2.36.40820.2021111512352779416033216_MR.dcm
2025-06-08 16:33:35,397 - segmed_pro - DEBUG - Reading DICOM file: C:\Users\Yurtsever\Downloads\segpro-med\cvm_48_t1\1.3.12.2.1107.5.2.36.40820.202111151235281237733221_MR.dcm
2025-06-08 16:33:35,429 - segmed_pro - DEBUG - Reading DICOM file: C:\Users\Yurtsever\Downloads\segpro-med\cvm_48_t1\1.3.12.2.1107.5.2.36.40820.2021111512352822922433226_MR.dcm
2025-06-08 16:33:35,462 - segmed_pro - DEBUG - Reading DICOM file: C:\Users\Yurtsever\Downloads\segpro-med\cvm_48_t1\1.3.12.2.1107.5.2.36.40820.2021111512352845071133231_MR.dcm
2025-06-08 16:33:35,495 - segmed_pro - DEBUG - Reading DICOM file: C:\Users\Yurtsever\Downloads\segpro-med\cvm_48_t1\1.3.12.2.1107.5.2.36.40820.2021111512352866931233236_MR.dcm
2025-06-08 16:33:35,528 - segmed_pro - DEBUG - Reading DICOM file: C:\Users\Yurtsever\Downloads\segpro-med\cvm_48_t1\1.3.12.2.1107.5.2.36.40820.2021111512352888819833241_MR.dcm
2025-06-08 16:33:35,563 - segmed_pro - DEBUG - Reading DICOM file: C:\Users\Yurtsever\Downloads\segpro-med\cvm_48_t1\1.3.12.2.1107.5.2.36.40820.2021111512352911077633246_MR.dcm
2025-06-08 16:33:35,599 - segmed_pro - DEBUG - Reading DICOM file: C:\Users\Yurtsever\Downloads\segpro-med\cvm_48_t1\1.3.12.2.1107.5.2.36.40820.2021111512352932328233251_MR.dcm
2025-06-08 16:33:35,632 - segmed_pro - DEBUG - Reading DICOM file: C:\Users\Yurtsever\Downloads\segpro-med\cvm_48_t1\1.3.12.2.1107.5.2.36.40820.2021111512352954399933256_MR.dcm
2025-06-08 16:33:35,664 - segmed_pro - DEBUG - Reading DICOM file: C:\Users\Yurtsever\Downloads\segpro-med\cvm_48_t1\1.3.12.2.1107.5.2.36.40820.2021111512352976441533261_MR.dcm
2025-06-08 16:33:35,743 - segmed_pro - INFO - Successfully read 20 DICOM files
2025-06-08 16:33:35,743 - segmed_pro - INFO - Sorting by Instance Number
2025-06-08 16:33:35,865 - segmed_pro - INFO - Created 3D volume with shape (20, 512, 400)
2025-06-08 16:33:35,899 - segmed_pro - INFO - Extracted metadata from first slice
2025-06-08 16:33:49,811 - segmed_pro - INFO - Loading DICOM series from directory: C:\Users\Yurtsever\Downloads\segpro-med\cvm_48_t1
2025-06-08 16:33:49,811 - segmed_pro - INFO - Found 20 DICOM files
2025-06-08 16:33:49,811 - segmed_pro - DEBUG - Reading DICOM file: C:\Users\Yurtsever\Downloads\segpro-med\cvm_48_t1\1.3.12.2.1107.5.2.36.40820.2021111512341579279633165_MR.dcm
2025-06-08 16:33:49,832 - segmed_pro - DEBUG - Reading DICOM file: C:\Users\Yurtsever\Downloads\segpro-med\cvm_48_t1\1.3.12.2.1107.5.2.36.40820.202111151234161027033171_MR.dcm
2025-06-08 16:33:49,853 - segmed_pro - DEBUG - Reading DICOM file: C:\Users\Yurtsever\Downloads\segpro-med\cvm_48_t1\1.3.12.2.1107.5.2.36.40820.2021111512341623308733176_MR.dcm
2025-06-08 16:33:49,874 - segmed_pro - DEBUG - Reading DICOM file: C:\Users\Yurtsever\Downloads\segpro-med\cvm_48_t1\1.3.12.2.1107.5.2.36.40820.2021111512341644779633181_MR.dcm
2025-06-08 16:33:49,897 - segmed_pro - DEBUG - Reading DICOM file: C:\Users\Yurtsever\Downloads\segpro-med\cvm_48_t1\1.3.12.2.1107.5.2.36.40820.2021111512341666461533186_MR.dcm
2025-06-08 16:33:49,917 - segmed_pro - DEBUG - Reading DICOM file: C:\Users\Yurtsever\Downloads\segpro-med\cvm_48_t1\1.3.12.2.1107.5.2.36.40820.2021111512341688430633191_MR.dcm
2025-06-08 16:33:49,938 - segmed_pro - DEBUG - Reading DICOM file: C:\Users\Yurtsever\Downloads\segpro-med\cvm_48_t1\1.3.12.2.1107.5.2.36.40820.2021111512341710546233196_MR.dcm
2025-06-08 16:33:49,959 - segmed_pro - DEBUG - Reading DICOM file: C:\Users\Yurtsever\Downloads\segpro-med\cvm_48_t1\1.3.12.2.1107.5.2.36.40820.2021111512341733208833201_MR.dcm
2025-06-08 16:33:49,981 - segmed_pro - DEBUG - Reading DICOM file: C:\Users\Yurtsever\Downloads\segpro-med\cvm_48_t1\1.3.12.2.1107.5.2.36.40820.2021111512341753545933206_MR.dcm
2025-06-08 16:33:50,001 - segmed_pro - DEBUG - Reading DICOM file: C:\Users\Yurtsever\Downloads\segpro-med\cvm_48_t1\1.3.12.2.1107.5.2.36.40820.2021111512341775486333211_MR.dcm
2025-06-08 16:33:50,023 - segmed_pro - DEBUG - Reading DICOM file: C:\Users\Yurtsever\Downloads\segpro-med\cvm_48_t1\1.3.12.2.1107.5.2.36.40820.2021111512352779416033216_MR.dcm
2025-06-08 16:33:50,044 - segmed_pro - DEBUG - Reading DICOM file: C:\Users\Yurtsever\Downloads\segpro-med\cvm_48_t1\1.3.12.2.1107.5.2.36.40820.202111151235281237733221_MR.dcm
2025-06-08 16:33:50,063 - segmed_pro - DEBUG - Reading DICOM file: C:\Users\Yurtsever\Downloads\segpro-med\cvm_48_t1\1.3.12.2.1107.5.2.36.40820.2021111512352822922433226_MR.dcm
2025-06-08 16:33:50,084 - segmed_pro - DEBUG - Reading DICOM file: C:\Users\Yurtsever\Downloads\segpro-med\cvm_48_t1\1.3.12.2.1107.5.2.36.40820.2021111512352845071133231_MR.dcm
2025-06-08 16:33:50,104 - segmed_pro - DEBUG - Reading DICOM file: C:\Users\Yurtsever\Downloads\segpro-med\cvm_48_t1\1.3.12.2.1107.5.2.36.40820.2021111512352866931233236_MR.dcm
2025-06-08 16:33:50,123 - segmed_pro - DEBUG - Reading DICOM file: C:\Users\Yurtsever\Downloads\segpro-med\cvm_48_t1\1.3.12.2.1107.5.2.36.40820.2021111512352888819833241_MR.dcm
2025-06-08 16:33:50,144 - segmed_pro - DEBUG - Reading DICOM file: C:\Users\Yurtsever\Downloads\segpro-med\cvm_48_t1\1.3.12.2.1107.5.2.36.40820.2021111512352911077633246_MR.dcm
2025-06-08 16:33:50,163 - segmed_pro - DEBUG - Reading DICOM file: C:\Users\Yurtsever\Downloads\segpro-med\cvm_48_t1\1.3.12.2.1107.5.2.36.40820.2021111512352932328233251_MR.dcm
2025-06-08 16:33:50,184 - segmed_pro - DEBUG - Reading DICOM file: C:\Users\Yurtsever\Downloads\segpro-med\cvm_48_t1\1.3.12.2.1107.5.2.36.40820.2021111512352954399933256_MR.dcm
2025-06-08 16:33:50,206 - segmed_pro - DEBUG - Reading DICOM file: C:\Users\Yurtsever\Downloads\segpro-med\cvm_48_t1\1.3.12.2.1107.5.2.36.40820.2021111512352976441533261_MR.dcm
2025-06-08 16:33:50,228 - segmed_pro - INFO - Successfully read 20 DICOM files
2025-06-08 16:33:50,229 - segmed_pro - INFO - Sorting by Instance Number
2025-06-08 16:33:50,310 - segmed_pro - INFO - Created 3D volume with shape (20, 512, 400)
2025-06-08 16:33:50,332 - segmed_pro - INFO - Extracted metadata from first slice
2025-06-08 16:34:25,214 - segmed_pro - INFO - Loading DICOM series from directory: C:\Users\Yurtsever\Downloads\segpro-med\cvm_48_t1
2025-06-08 16:34:25,216 - segmed_pro - INFO - Found 20 DICOM files
2025-06-08 16:34:25,217 - segmed_pro - DEBUG - Reading DICOM file: C:\Users\Yurtsever\Downloads\segpro-med\cvm_48_t1\1.3.12.2.1107.5.2.36.40820.2021111512341579279633165_MR.dcm
2025-06-08 16:34:25,256 - segmed_pro - DEBUG - Reading DICOM file: C:\Users\Yurtsever\Downloads\segpro-med\cvm_48_t1\1.3.12.2.1107.5.2.36.40820.202111151234161027033171_MR.dcm
2025-06-08 16:34:25,289 - segmed_pro - DEBUG - Reading DICOM file: C:\Users\Yurtsever\Downloads\segpro-med\cvm_48_t1\1.3.12.2.1107.5.2.36.40820.2021111512341623308733176_MR.dcm
2025-06-08 16:34:25,322 - segmed_pro - DEBUG - Reading DICOM file: C:\Users\Yurtsever\Downloads\segpro-med\cvm_48_t1\1.3.12.2.1107.5.2.36.40820.2021111512341644779633181_MR.dcm
2025-06-08 16:34:25,356 - segmed_pro - DEBUG - Reading DICOM file: C:\Users\Yurtsever\Downloads\segpro-med\cvm_48_t1\1.3.12.2.1107.5.2.36.40820.2021111512341666461533186_MR.dcm
2025-06-08 16:34:25,389 - segmed_pro - DEBUG - Reading DICOM file: C:\Users\Yurtsever\Downloads\segpro-med\cvm_48_t1\1.3.12.2.1107.5.2.36.40820.2021111512341688430633191_MR.dcm
2025-06-08 16:34:25,422 - segmed_pro - DEBUG - Reading DICOM file: C:\Users\Yurtsever\Downloads\segpro-med\cvm_48_t1\1.3.12.2.1107.5.2.36.40820.2021111512341710546233196_MR.dcm
2025-06-08 16:34:25,456 - segmed_pro - DEBUG - Reading DICOM file: C:\Users\Yurtsever\Downloads\segpro-med\cvm_48_t1\1.3.12.2.1107.5.2.36.40820.2021111512341733208833201_MR.dcm
2025-06-08 16:34:25,489 - segmed_pro - DEBUG - Reading DICOM file: C:\Users\Yurtsever\Downloads\segpro-med\cvm_48_t1\1.3.12.2.1107.5.2.36.40820.2021111512341753545933206_MR.dcm
2025-06-08 16:34:25,522 - segmed_pro - DEBUG - Reading DICOM file: C:\Users\Yurtsever\Downloads\segpro-med\cvm_48_t1\1.3.12.2.1107.5.2.36.40820.2021111512341775486333211_MR.dcm
2025-06-08 16:34:25,555 - segmed_pro - DEBUG - Reading DICOM file: C:\Users\Yurtsever\Downloads\segpro-med\cvm_48_t1\1.3.12.2.1107.5.2.36.40820.2021111512352779416033216_MR.dcm
2025-06-08 16:34:25,589 - segmed_pro - DEBUG - Reading DICOM file: C:\Users\Yurtsever\Downloads\segpro-med\cvm_48_t1\1.3.12.2.1107.5.2.36.40820.202111151235281237733221_MR.dcm
2025-06-08 16:34:25,622 - segmed_pro - DEBUG - Reading DICOM file: C:\Users\Yurtsever\Downloads\segpro-med\cvm_48_t1\1.3.12.2.1107.5.2.36.40820.2021111512352822922433226_MR.dcm
2025-06-08 16:34:25,654 - segmed_pro - DEBUG - Reading DICOM file: C:\Users\Yurtsever\Downloads\segpro-med\cvm_48_t1\1.3.12.2.1107.5.2.36.40820.2021111512352845071133231_MR.dcm
2025-06-08 16:34:25,686 - segmed_pro - DEBUG - Reading DICOM file: C:\Users\Yurtsever\Downloads\segpro-med\cvm_48_t1\1.3.12.2.1107.5.2.36.40820.2021111512352866931233236_MR.dcm
2025-06-08 16:34:25,717 - segmed_pro - DEBUG - Reading DICOM file: C:\Users\Yurtsever\Downloads\segpro-med\cvm_48_t1\1.3.12.2.1107.5.2.36.40820.2021111512352888819833241_MR.dcm
2025-06-08 16:34:25,750 - segmed_pro - DEBUG - Reading DICOM file: C:\Users\Yurtsever\Downloads\segpro-med\cvm_48_t1\1.3.12.2.1107.5.2.36.40820.2021111512352911077633246_MR.dcm
2025-06-08 16:34:25,782 - segmed_pro - DEBUG - Reading DICOM file: C:\Users\Yurtsever\Downloads\segpro-med\cvm_48_t1\1.3.12.2.1107.5.2.36.40820.2021111512352932328233251_MR.dcm
2025-06-08 16:34:25,814 - segmed_pro - DEBUG - Reading DICOM file: C:\Users\Yurtsever\Downloads\segpro-med\cvm_48_t1\1.3.12.2.1107.5.2.36.40820.2021111512352954399933256_MR.dcm
2025-06-08 16:34:25,846 - segmed_pro - DEBUG - Reading DICOM file: C:\Users\Yurtsever\Downloads\segpro-med\cvm_48_t1\1.3.12.2.1107.5.2.36.40820.2021111512352976441533261_MR.dcm
2025-06-08 16:34:25,879 - segmed_pro - INFO - Successfully read 20 DICOM files
2025-06-08 16:34:25,879 - segmed_pro - INFO - Sorting by Instance Number
2025-06-08 16:34:26,001 - segmed_pro - INFO - Created 3D volume with shape (20, 512, 400)
2025-06-08 16:34:26,035 - segmed_pro - INFO - Extracted metadata from first slice
2025-06-08 16:39:37,370 - segmed_pro - INFO - Configured DICOM handlers: gdcm, pylibjpeg, pillow, numpy
2025-06-08 16:41:22,569 - segmed_pro - INFO - Configured DICOM handlers: gdcm, pylibjpeg, pillow, numpy
2025-06-08 16:41:29,693 - segmed_pro - INFO - Loading DICOM series from directory: C:\Users\Yurtsever\Downloads\segpro-med\cvm_48_t1
2025-06-08 16:41:29,695 - segmed_pro - INFO - Found 20 DICOM files
2025-06-08 16:41:29,695 - segmed_pro - DEBUG - Reading DICOM file: C:\Users\Yurtsever\Downloads\segpro-med\cvm_48_t1\1.3.12.2.1107.5.2.36.40820.2021111512341579279633165_MR.dcm
2025-06-08 16:41:29,729 - segmed_pro - DEBUG - Reading DICOM file: C:\Users\Yurtsever\Downloads\segpro-med\cvm_48_t1\1.3.12.2.1107.5.2.36.40820.202111151234161027033171_MR.dcm
2025-06-08 16:41:29,763 - segmed_pro - DEBUG - Reading DICOM file: C:\Users\Yurtsever\Downloads\segpro-med\cvm_48_t1\1.3.12.2.1107.5.2.36.40820.2021111512341623308733176_MR.dcm
2025-06-08 16:41:29,797 - segmed_pro - DEBUG - Reading DICOM file: C:\Users\Yurtsever\Downloads\segpro-med\cvm_48_t1\1.3.12.2.1107.5.2.36.40820.2021111512341644779633181_MR.dcm
2025-06-08 16:41:29,831 - segmed_pro - DEBUG - Reading DICOM file: C:\Users\Yurtsever\Downloads\segpro-med\cvm_48_t1\1.3.12.2.1107.5.2.36.40820.2021111512341666461533186_MR.dcm
2025-06-08 16:41:29,864 - segmed_pro - DEBUG - Reading DICOM file: C:\Users\Yurtsever\Downloads\segpro-med\cvm_48_t1\1.3.12.2.1107.5.2.36.40820.2021111512341688430633191_MR.dcm
2025-06-08 16:41:29,898 - segmed_pro - DEBUG - Reading DICOM file: C:\Users\Yurtsever\Downloads\segpro-med\cvm_48_t1\1.3.12.2.1107.5.2.36.40820.2021111512341710546233196_MR.dcm
2025-06-08 16:41:29,932 - segmed_pro - DEBUG - Reading DICOM file: C:\Users\Yurtsever\Downloads\segpro-med\cvm_48_t1\1.3.12.2.1107.5.2.36.40820.2021111512341733208833201_MR.dcm
2025-06-08 16:41:29,964 - segmed_pro - DEBUG - Reading DICOM file: C:\Users\Yurtsever\Downloads\segpro-med\cvm_48_t1\1.3.12.2.1107.5.2.36.40820.2021111512341753545933206_MR.dcm
2025-06-08 16:41:29,997 - segmed_pro - DEBUG - Reading DICOM file: C:\Users\Yurtsever\Downloads\segpro-med\cvm_48_t1\1.3.12.2.1107.5.2.36.40820.2021111512341775486333211_MR.dcm
2025-06-08 16:41:30,029 - segmed_pro - DEBUG - Reading DICOM file: C:\Users\Yurtsever\Downloads\segpro-med\cvm_48_t1\1.3.12.2.1107.5.2.36.40820.2021111512352779416033216_MR.dcm
2025-06-08 16:41:30,061 - segmed_pro - DEBUG - Reading DICOM file: C:\Users\Yurtsever\Downloads\segpro-med\cvm_48_t1\1.3.12.2.1107.5.2.36.40820.202111151235281237733221_MR.dcm
2025-06-08 16:41:30,093 - segmed_pro - DEBUG - Reading DICOM file: C:\Users\Yurtsever\Downloads\segpro-med\cvm_48_t1\1.3.12.2.1107.5.2.36.40820.2021111512352822922433226_MR.dcm
2025-06-08 16:41:30,125 - segmed_pro - DEBUG - Reading DICOM file: C:\Users\Yurtsever\Downloads\segpro-med\cvm_48_t1\1.3.12.2.1107.5.2.36.40820.2021111512352845071133231_MR.dcm
2025-06-08 16:41:30,157 - segmed_pro - DEBUG - Reading DICOM file: C:\Users\Yurtsever\Downloads\segpro-med\cvm_48_t1\1.3.12.2.1107.5.2.36.40820.2021111512352866931233236_MR.dcm
2025-06-08 16:41:30,190 - segmed_pro - DEBUG - Reading DICOM file: C:\Users\Yurtsever\Downloads\segpro-med\cvm_48_t1\1.3.12.2.1107.5.2.36.40820.2021111512352888819833241_MR.dcm
2025-06-08 16:41:30,222 - segmed_pro - DEBUG - Reading DICOM file: C:\Users\Yurtsever\Downloads\segpro-med\cvm_48_t1\1.3.12.2.1107.5.2.36.40820.2021111512352911077633246_MR.dcm
2025-06-08 16:41:30,254 - segmed_pro - DEBUG - Reading DICOM file: C:\Users\Yurtsever\Downloads\segpro-med\cvm_48_t1\1.3.12.2.1107.5.2.36.40820.2021111512352932328233251_MR.dcm
2025-06-08 16:41:30,287 - segmed_pro - DEBUG - Reading DICOM file: C:\Users\Yurtsever\Downloads\segpro-med\cvm_48_t1\1.3.12.2.1107.5.2.36.40820.2021111512352954399933256_MR.dcm
2025-06-08 16:41:30,319 - segmed_pro - DEBUG - Reading DICOM file: C:\Users\Yurtsever\Downloads\segpro-med\cvm_48_t1\1.3.12.2.1107.5.2.36.40820.2021111512352976441533261_MR.dcm
2025-06-08 16:41:30,351 - segmed_pro - INFO - Successfully read 20 DICOM files
2025-06-08 16:41:30,351 - segmed_pro - INFO - Sorting by Instance Number
2025-06-08 16:41:30,482 - segmed_pro - INFO - Created 3D volume with shape (20, 512, 400)
2025-06-08 16:41:30,518 - segmed_pro - INFO - Extracted metadata from first slice
2025-06-08 16:41:57,965 - segmed_pro - INFO - Loading DICOM series from directory: C:\Users\Yurtsever\Downloads\segpro-med\cvm_48_t1
2025-06-08 16:41:57,967 - segmed_pro - INFO - Found 20 DICOM files
2025-06-08 16:41:57,968 - segmed_pro - DEBUG - Reading DICOM file: C:\Users\Yurtsever\Downloads\segpro-med\cvm_48_t1\1.3.12.2.1107.5.2.36.40820.2021111512341579279633165_MR.dcm
2025-06-08 16:41:58,008 - segmed_pro - DEBUG - Reading DICOM file: C:\Users\Yurtsever\Downloads\segpro-med\cvm_48_t1\1.3.12.2.1107.5.2.36.40820.202111151234161027033171_MR.dcm
2025-06-08 16:41:58,042 - segmed_pro - DEBUG - Reading DICOM file: C:\Users\Yurtsever\Downloads\segpro-med\cvm_48_t1\1.3.12.2.1107.5.2.36.40820.2021111512341623308733176_MR.dcm
2025-06-08 16:41:58,076 - segmed_pro - DEBUG - Reading DICOM file: C:\Users\Yurtsever\Downloads\segpro-med\cvm_48_t1\1.3.12.2.1107.5.2.36.40820.2021111512341644779633181_MR.dcm
2025-06-08 16:41:58,109 - segmed_pro - DEBUG - Reading DICOM file: C:\Users\Yurtsever\Downloads\segpro-med\cvm_48_t1\1.3.12.2.1107.5.2.36.40820.2021111512341666461533186_MR.dcm
2025-06-08 16:41:58,143 - segmed_pro - DEBUG - Reading DICOM file: C:\Users\Yurtsever\Downloads\segpro-med\cvm_48_t1\1.3.12.2.1107.5.2.36.40820.2021111512341688430633191_MR.dcm
2025-06-08 16:41:58,177 - segmed_pro - DEBUG - Reading DICOM file: C:\Users\Yurtsever\Downloads\segpro-med\cvm_48_t1\1.3.12.2.1107.5.2.36.40820.2021111512341710546233196_MR.dcm
2025-06-08 16:41:58,214 - segmed_pro - DEBUG - Reading DICOM file: C:\Users\Yurtsever\Downloads\segpro-med\cvm_48_t1\1.3.12.2.1107.5.2.36.40820.2021111512341733208833201_MR.dcm
2025-06-08 16:41:58,248 - segmed_pro - DEBUG - Reading DICOM file: C:\Users\Yurtsever\Downloads\segpro-med\cvm_48_t1\1.3.12.2.1107.5.2.36.40820.2021111512341753545933206_MR.dcm
2025-06-08 16:41:58,282 - segmed_pro - DEBUG - Reading DICOM file: C:\Users\Yurtsever\Downloads\segpro-med\cvm_48_t1\1.3.12.2.1107.5.2.36.40820.2021111512341775486333211_MR.dcm
2025-06-08 16:41:58,314 - segmed_pro - DEBUG - Reading DICOM file: C:\Users\Yurtsever\Downloads\segpro-med\cvm_48_t1\1.3.12.2.1107.5.2.36.40820.2021111512352779416033216_MR.dcm
2025-06-08 16:41:58,346 - segmed_pro - DEBUG - Reading DICOM file: C:\Users\Yurtsever\Downloads\segpro-med\cvm_48_t1\1.3.12.2.1107.5.2.36.40820.202111151235281237733221_MR.dcm
2025-06-08 16:41:58,379 - segmed_pro - DEBUG - Reading DICOM file: C:\Users\Yurtsever\Downloads\segpro-med\cvm_48_t1\1.3.12.2.1107.5.2.36.40820.2021111512352822922433226_MR.dcm
2025-06-08 16:41:58,411 - segmed_pro - DEBUG - Reading DICOM file: C:\Users\Yurtsever\Downloads\segpro-med\cvm_48_t1\1.3.12.2.1107.5.2.36.40820.2021111512352845071133231_MR.dcm
2025-06-08 16:41:58,443 - segmed_pro - DEBUG - Reading DICOM file: C:\Users\Yurtsever\Downloads\segpro-med\cvm_48_t1\1.3.12.2.1107.5.2.36.40820.2021111512352866931233236_MR.dcm
2025-06-08 16:41:58,490 - segmed_pro - DEBUG - Reading DICOM file: C:\Users\Yurtsever\Downloads\segpro-med\cvm_48_t1\1.3.12.2.1107.5.2.36.40820.2021111512352888819833241_MR.dcm
2025-06-08 16:41:58,530 - segmed_pro - DEBUG - Reading DICOM file: C:\Users\Yurtsever\Downloads\segpro-med\cvm_48_t1\1.3.12.2.1107.5.2.36.40820.2021111512352911077633246_MR.dcm
2025-06-08 16:41:58,570 - segmed_pro - DEBUG - Reading DICOM file: C:\Users\Yurtsever\Downloads\segpro-med\cvm_48_t1\1.3.12.2.1107.5.2.36.40820.2021111512352932328233251_MR.dcm
2025-06-08 16:41:58,609 - segmed_pro - DEBUG - Reading DICOM file: C:\Users\Yurtsever\Downloads\segpro-med\cvm_48_t1\1.3.12.2.1107.5.2.36.40820.2021111512352954399933256_MR.dcm
2025-06-08 16:41:58,650 - segmed_pro - DEBUG - Reading DICOM file: C:\Users\Yurtsever\Downloads\segpro-med\cvm_48_t1\1.3.12.2.1107.5.2.36.40820.2021111512352976441533261_MR.dcm
2025-06-08 16:41:58,693 - segmed_pro - INFO - Successfully read 20 DICOM files
2025-06-08 16:41:58,694 - segmed_pro - INFO - Sorting by Instance Number
2025-06-08 16:41:58,823 - segmed_pro - INFO - Created 3D volume with shape (20, 512, 400)
2025-06-08 16:41:58,859 - segmed_pro - INFO - Extracted metadata from first slice
2025-06-08 16:42:31,945 - segmed_pro - INFO - Loading DICOM series from directory: C:\Users\Yurtsever\Downloads\segpro-med\cvm_48_t1
2025-06-08 16:42:31,946 - segmed_pro - INFO - Found 20 DICOM files
2025-06-08 16:42:31,947 - segmed_pro - DEBUG - Reading DICOM file: C:\Users\Yurtsever\Downloads\segpro-med\cvm_48_t1\1.3.12.2.1107.5.2.36.40820.2021111512341579279633165_MR.dcm
2025-06-08 16:42:31,988 - segmed_pro - DEBUG - Reading DICOM file: C:\Users\Yurtsever\Downloads\segpro-med\cvm_48_t1\1.3.12.2.1107.5.2.36.40820.202111151234161027033171_MR.dcm
2025-06-08 16:42:32,022 - segmed_pro - DEBUG - Reading DICOM file: C:\Users\Yurtsever\Downloads\segpro-med\cvm_48_t1\1.3.12.2.1107.5.2.36.40820.2021111512341623308733176_MR.dcm
2025-06-08 16:42:32,057 - segmed_pro - DEBUG - Reading DICOM file: C:\Users\Yurtsever\Downloads\segpro-med\cvm_48_t1\1.3.12.2.1107.5.2.36.40820.2021111512341644779633181_MR.dcm
2025-06-08 16:42:32,090 - segmed_pro - DEBUG - Reading DICOM file: C:\Users\Yurtsever\Downloads\segpro-med\cvm_48_t1\1.3.12.2.1107.5.2.36.40820.2021111512341666461533186_MR.dcm
2025-06-08 16:42:32,125 - segmed_pro - DEBUG - Reading DICOM file: C:\Users\Yurtsever\Downloads\segpro-med\cvm_48_t1\1.3.12.2.1107.5.2.36.40820.2021111512341688430633191_MR.dcm
2025-06-08 16:42:32,159 - segmed_pro - DEBUG - Reading DICOM file: C:\Users\Yurtsever\Downloads\segpro-med\cvm_48_t1\1.3.12.2.1107.5.2.36.40820.2021111512341710546233196_MR.dcm
2025-06-08 16:42:32,195 - segmed_pro - DEBUG - Reading DICOM file: C:\Users\Yurtsever\Downloads\segpro-med\cvm_48_t1\1.3.12.2.1107.5.2.36.40820.2021111512341733208833201_MR.dcm
2025-06-08 16:42:32,229 - segmed_pro - DEBUG - Reading DICOM file: C:\Users\Yurtsever\Downloads\segpro-med\cvm_48_t1\1.3.12.2.1107.5.2.36.40820.2021111512341753545933206_MR.dcm
2025-06-08 16:42:32,262 - segmed_pro - DEBUG - Reading DICOM file: C:\Users\Yurtsever\Downloads\segpro-med\cvm_48_t1\1.3.12.2.1107.5.2.36.40820.2021111512341775486333211_MR.dcm
2025-06-08 16:42:32,298 - segmed_pro - DEBUG - Reading DICOM file: C:\Users\Yurtsever\Downloads\segpro-med\cvm_48_t1\1.3.12.2.1107.5.2.36.40820.2021111512352779416033216_MR.dcm
2025-06-08 16:42:32,332 - segmed_pro - DEBUG - Reading DICOM file: C:\Users\Yurtsever\Downloads\segpro-med\cvm_48_t1\1.3.12.2.1107.5.2.36.40820.202111151235281237733221_MR.dcm
2025-06-08 16:42:32,365 - segmed_pro - DEBUG - Reading DICOM file: C:\Users\Yurtsever\Downloads\segpro-med\cvm_48_t1\1.3.12.2.1107.5.2.36.40820.2021111512352822922433226_MR.dcm
2025-06-08 16:42:32,399 - segmed_pro - DEBUG - Reading DICOM file: C:\Users\Yurtsever\Downloads\segpro-med\cvm_48_t1\1.3.12.2.1107.5.2.36.40820.2021111512352845071133231_MR.dcm
2025-06-08 16:42:32,433 - segmed_pro - DEBUG - Reading DICOM file: C:\Users\Yurtsever\Downloads\segpro-med\cvm_48_t1\1.3.12.2.1107.5.2.36.40820.2021111512352866931233236_MR.dcm
2025-06-08 16:42:32,465 - segmed_pro - DEBUG - Reading DICOM file: C:\Users\Yurtsever\Downloads\segpro-med\cvm_48_t1\1.3.12.2.1107.5.2.36.40820.2021111512352888819833241_MR.dcm
2025-06-08 16:42:32,500 - segmed_pro - DEBUG - Reading DICOM file: C:\Users\Yurtsever\Downloads\segpro-med\cvm_48_t1\1.3.12.2.1107.5.2.36.40820.2021111512352911077633246_MR.dcm
2025-06-08 16:42:32,534 - segmed_pro - DEBUG - Reading DICOM file: C:\Users\Yurtsever\Downloads\segpro-med\cvm_48_t1\1.3.12.2.1107.5.2.36.40820.2021111512352932328233251_MR.dcm
2025-06-08 16:42:32,569 - segmed_pro - DEBUG - Reading DICOM file: C:\Users\Yurtsever\Downloads\segpro-med\cvm_48_t1\1.3.12.2.1107.5.2.36.40820.2021111512352954399933256_MR.dcm
2025-06-08 16:42:32,602 - segmed_pro - DEBUG - Reading DICOM file: C:\Users\Yurtsever\Downloads\segpro-med\cvm_48_t1\1.3.12.2.1107.5.2.36.40820.2021111512352976441533261_MR.dcm
2025-06-08 16:42:32,635 - segmed_pro - INFO - Successfully read 20 DICOM files
2025-06-08 16:42:32,636 - segmed_pro - INFO - Sorting by Instance Number
2025-06-08 16:42:32,761 - segmed_pro - INFO - Created 3D volume with shape (20, 512, 400)
2025-06-08 16:42:32,844 - segmed_pro - INFO - Extracted metadata from first slice
2025-06-08 16:42:51,736 - segmed_pro - INFO - Loading DICOM series from directory: C:\Users\Yurtsever\Downloads\segpro-med\cvm_48_t1
2025-06-08 16:42:51,737 - segmed_pro - INFO - Found 20 DICOM files
2025-06-08 16:42:51,738 - segmed_pro - DEBUG - Reading DICOM file: C:\Users\Yurtsever\Downloads\segpro-med\cvm_48_t1\1.3.12.2.1107.5.2.36.40820.2021111512341579279633165_MR.dcm
2025-06-08 16:42:51,779 - segmed_pro - DEBUG - Reading DICOM file: C:\Users\Yurtsever\Downloads\segpro-med\cvm_48_t1\1.3.12.2.1107.5.2.36.40820.202111151234161027033171_MR.dcm
2025-06-08 16:42:51,813 - segmed_pro - DEBUG - Reading DICOM file: C:\Users\Yurtsever\Downloads\segpro-med\cvm_48_t1\1.3.12.2.1107.5.2.36.40820.2021111512341623308733176_MR.dcm
2025-06-08 16:42:51,845 - segmed_pro - DEBUG - Reading DICOM file: C:\Users\Yurtsever\Downloads\segpro-med\cvm_48_t1\1.3.12.2.1107.5.2.36.40820.2021111512341644779633181_MR.dcm
2025-06-08 16:42:51,876 - segmed_pro - DEBUG - Reading DICOM file: C:\Users\Yurtsever\Downloads\segpro-med\cvm_48_t1\1.3.12.2.1107.5.2.36.40820.2021111512341666461533186_MR.dcm
2025-06-08 16:42:51,908 - segmed_pro - DEBUG - Reading DICOM file: C:\Users\Yurtsever\Downloads\segpro-med\cvm_48_t1\1.3.12.2.1107.5.2.36.40820.2021111512341688430633191_MR.dcm
2025-06-08 16:42:51,940 - segmed_pro - DEBUG - Reading DICOM file: C:\Users\Yurtsever\Downloads\segpro-med\cvm_48_t1\1.3.12.2.1107.5.2.36.40820.2021111512341710546233196_MR.dcm
2025-06-08 16:42:51,972 - segmed_pro - DEBUG - Reading DICOM file: C:\Users\Yurtsever\Downloads\segpro-med\cvm_48_t1\1.3.12.2.1107.5.2.36.40820.2021111512341733208833201_MR.dcm
2025-06-08 16:42:52,004 - segmed_pro - DEBUG - Reading DICOM file: C:\Users\Yurtsever\Downloads\segpro-med\cvm_48_t1\1.3.12.2.1107.5.2.36.40820.2021111512341753545933206_MR.dcm
2025-06-08 16:42:52,035 - segmed_pro - DEBUG - Reading DICOM file: C:\Users\Yurtsever\Downloads\segpro-med\cvm_48_t1\1.3.12.2.1107.5.2.36.40820.2021111512341775486333211_MR.dcm
2025-06-08 16:42:52,067 - segmed_pro - DEBUG - Reading DICOM file: C:\Users\Yurtsever\Downloads\segpro-med\cvm_48_t1\1.3.12.2.1107.5.2.36.40820.2021111512352779416033216_MR.dcm
2025-06-08 16:42:52,099 - segmed_pro - DEBUG - Reading DICOM file: C:\Users\Yurtsever\Downloads\segpro-med\cvm_48_t1\1.3.12.2.1107.5.2.36.40820.202111151235281237733221_MR.dcm
2025-06-08 16:42:52,132 - segmed_pro - DEBUG - Reading DICOM file: C:\Users\Yurtsever\Downloads\segpro-med\cvm_48_t1\1.3.12.2.1107.5.2.36.40820.2021111512352822922433226_MR.dcm
2025-06-08 16:42:52,163 - segmed_pro - DEBUG - Reading DICOM file: C:\Users\Yurtsever\Downloads\segpro-med\cvm_48_t1\1.3.12.2.1107.5.2.36.40820.2021111512352845071133231_MR.dcm
2025-06-08 16:42:52,194 - segmed_pro - DEBUG - Reading DICOM file: C:\Users\Yurtsever\Downloads\segpro-med\cvm_48_t1\1.3.12.2.1107.5.2.36.40820.2021111512352866931233236_MR.dcm
2025-06-08 16:42:52,226 - segmed_pro - DEBUG - Reading DICOM file: C:\Users\Yurtsever\Downloads\segpro-med\cvm_48_t1\1.3.12.2.1107.5.2.36.40820.2021111512352888819833241_MR.dcm
2025-06-08 16:42:52,258 - segmed_pro - DEBUG - Reading DICOM file: C:\Users\Yurtsever\Downloads\segpro-med\cvm_48_t1\1.3.12.2.1107.5.2.36.40820.2021111512352911077633246_MR.dcm
2025-06-08 16:42:52,289 - segmed_pro - DEBUG - Reading DICOM file: C:\Users\Yurtsever\Downloads\segpro-med\cvm_48_t1\1.3.12.2.1107.5.2.36.40820.2021111512352932328233251_MR.dcm
2025-06-08 16:42:52,320 - segmed_pro - DEBUG - Reading DICOM file: C:\Users\Yurtsever\Downloads\segpro-med\cvm_48_t1\1.3.12.2.1107.5.2.36.40820.2021111512352954399933256_MR.dcm
2025-06-08 16:42:52,352 - segmed_pro - DEBUG - Reading DICOM file: C:\Users\Yurtsever\Downloads\segpro-med\cvm_48_t1\1.3.12.2.1107.5.2.36.40820.2021111512352976441533261_MR.dcm
2025-06-08 16:42:52,384 - segmed_pro - INFO - Successfully read 20 DICOM files
2025-06-08 16:42:52,384 - segmed_pro - INFO - Sorting by Instance Number
2025-06-08 16:42:52,526 - segmed_pro - INFO - Created 3D volume with shape (20, 512, 400)
2025-06-08 16:42:52,567 - segmed_pro - INFO - Extracted metadata from first slice
2025-06-08 16:47:08,644 - segmed_pro - INFO - Configured DICOM handlers: gdcm, pylibjpeg, pillow, numpy
2025-06-08 16:47:16,686 - segmed_pro - INFO - Loading DICOM series from directory: C:\Users\Yurtsever\Downloads\segpro-med\cvm_48_t1
2025-06-08 16:47:16,686 - segmed_pro - INFO - Found 20 DICOM files
2025-06-08 16:47:16,687 - segmed_pro - DEBUG - Reading DICOM file: C:\Users\Yurtsever\Downloads\segpro-med\cvm_48_t1\1.3.12.2.1107.5.2.36.40820.2021111512341579279633165_MR.dcm
2025-06-08 16:47:16,709 - segmed_pro - DEBUG - Reading DICOM file: C:\Users\Yurtsever\Downloads\segpro-med\cvm_48_t1\1.3.12.2.1107.5.2.36.40820.202111151234161027033171_MR.dcm
2025-06-08 16:47:16,731 - segmed_pro - DEBUG - Reading DICOM file: C:\Users\Yurtsever\Downloads\segpro-med\cvm_48_t1\1.3.12.2.1107.5.2.36.40820.2021111512341623308733176_MR.dcm
2025-06-08 16:47:16,753 - segmed_pro - DEBUG - Reading DICOM file: C:\Users\Yurtsever\Downloads\segpro-med\cvm_48_t1\1.3.12.2.1107.5.2.36.40820.2021111512341644779633181_MR.dcm
2025-06-08 16:47:16,775 - segmed_pro - DEBUG - Reading DICOM file: C:\Users\Yurtsever\Downloads\segpro-med\cvm_48_t1\1.3.12.2.1107.5.2.36.40820.2021111512341666461533186_MR.dcm
2025-06-08 16:47:16,798 - segmed_pro - DEBUG - Reading DICOM file: C:\Users\Yurtsever\Downloads\segpro-med\cvm_48_t1\1.3.12.2.1107.5.2.36.40820.2021111512341688430633191_MR.dcm
2025-06-08 16:47:16,820 - segmed_pro - DEBUG - Reading DICOM file: C:\Users\Yurtsever\Downloads\segpro-med\cvm_48_t1\1.3.12.2.1107.5.2.36.40820.2021111512341710546233196_MR.dcm
2025-06-08 16:47:16,842 - segmed_pro - DEBUG - Reading DICOM file: C:\Users\Yurtsever\Downloads\segpro-med\cvm_48_t1\1.3.12.2.1107.5.2.36.40820.2021111512341733208833201_MR.dcm
2025-06-08 16:47:16,864 - segmed_pro - DEBUG - Reading DICOM file: C:\Users\Yurtsever\Downloads\segpro-med\cvm_48_t1\1.3.12.2.1107.5.2.36.40820.2021111512341753545933206_MR.dcm
2025-06-08 16:47:16,886 - segmed_pro - DEBUG - Reading DICOM file: C:\Users\Yurtsever\Downloads\segpro-med\cvm_48_t1\1.3.12.2.1107.5.2.36.40820.2021111512341775486333211_MR.dcm
2025-06-08 16:47:16,917 - segmed_pro - DEBUG - Reading DICOM file: C:\Users\Yurtsever\Downloads\segpro-med\cvm_48_t1\1.3.12.2.1107.5.2.36.40820.2021111512352779416033216_MR.dcm
2025-06-08 16:47:16,942 - segmed_pro - DEBUG - Reading DICOM file: C:\Users\Yurtsever\Downloads\segpro-med\cvm_48_t1\1.3.12.2.1107.5.2.36.40820.202111151235281237733221_MR.dcm
2025-06-08 16:47:16,965 - segmed_pro - DEBUG - Reading DICOM file: C:\Users\Yurtsever\Downloads\segpro-med\cvm_48_t1\1.3.12.2.1107.5.2.36.40820.2021111512352822922433226_MR.dcm
2025-06-08 16:47:16,988 - segmed_pro - DEBUG - Reading DICOM file: C:\Users\Yurtsever\Downloads\segpro-med\cvm_48_t1\1.3.12.2.1107.5.2.36.40820.2021111512352845071133231_MR.dcm
2025-06-08 16:47:17,012 - segmed_pro - DEBUG - Reading DICOM file: C:\Users\Yurtsever\Downloads\segpro-med\cvm_48_t1\1.3.12.2.1107.5.2.36.40820.2021111512352866931233236_MR.dcm
2025-06-08 16:47:17,036 - segmed_pro - DEBUG - Reading DICOM file: C:\Users\Yurtsever\Downloads\segpro-med\cvm_48_t1\1.3.12.2.1107.5.2.36.40820.2021111512352888819833241_MR.dcm
2025-06-08 16:47:17,060 - segmed_pro - DEBUG - Reading DICOM file: C:\Users\Yurtsever\Downloads\segpro-med\cvm_48_t1\1.3.12.2.1107.5.2.36.40820.2021111512352911077633246_MR.dcm
2025-06-08 16:47:17,085 - segmed_pro - DEBUG - Reading DICOM file: C:\Users\Yurtsever\Downloads\segpro-med\cvm_48_t1\1.3.12.2.1107.5.2.36.40820.2021111512352932328233251_MR.dcm
2025-06-08 16:47:17,107 - segmed_pro - DEBUG - Reading DICOM file: C:\Users\Yurtsever\Downloads\segpro-med\cvm_48_t1\1.3.12.2.1107.5.2.36.40820.2021111512352954399933256_MR.dcm
2025-06-08 16:47:17,130 - segmed_pro - DEBUG - Reading DICOM file: C:\Users\Yurtsever\Downloads\segpro-med\cvm_48_t1\1.3.12.2.1107.5.2.36.40820.2021111512352976441533261_MR.dcm
2025-06-08 16:47:17,152 - segmed_pro - INFO - Successfully read 20 DICOM files
2025-06-08 16:47:17,153 - segmed_pro - INFO - Sorting by Instance Number
2025-06-08 16:47:17,235 - segmed_pro - INFO - Created 3D volume with shape (20, 512, 400)
2025-06-08 16:47:17,257 - segmed_pro - INFO - Extracted metadata from first slice
2025-06-08 16:47:38,542 - segmed_pro - INFO - Loading DICOM series from directory: C:\Users\Yurtsever\Downloads\segpro-med\cvm_48_t1
2025-06-08 16:47:38,543 - segmed_pro - INFO - Found 20 DICOM files
2025-06-08 16:47:38,543 - segmed_pro - DEBUG - Reading DICOM file: C:\Users\Yurtsever\Downloads\segpro-med\cvm_48_t1\1.3.12.2.1107.5.2.36.40820.2021111512341579279633165_MR.dcm
2025-06-08 16:47:38,567 - segmed_pro - DEBUG - Reading DICOM file: C:\Users\Yurtsever\Downloads\segpro-med\cvm_48_t1\1.3.12.2.1107.5.2.36.40820.202111151234161027033171_MR.dcm
2025-06-08 16:47:38,591 - segmed_pro - DEBUG - Reading DICOM file: C:\Users\Yurtsever\Downloads\segpro-med\cvm_48_t1\1.3.12.2.1107.5.2.36.40820.2021111512341623308733176_MR.dcm
2025-06-08 16:47:38,617 - segmed_pro - DEBUG - Reading DICOM file: C:\Users\Yurtsever\Downloads\segpro-med\cvm_48_t1\1.3.12.2.1107.5.2.36.40820.2021111512341644779633181_MR.dcm
2025-06-08 16:47:38,643 - segmed_pro - DEBUG - Reading DICOM file: C:\Users\Yurtsever\Downloads\segpro-med\cvm_48_t1\1.3.12.2.1107.5.2.36.40820.2021111512341666461533186_MR.dcm
2025-06-08 16:47:38,668 - segmed_pro - DEBUG - Reading DICOM file: C:\Users\Yurtsever\Downloads\segpro-med\cvm_48_t1\1.3.12.2.1107.5.2.36.40820.2021111512341688430633191_MR.dcm
2025-06-08 16:47:38,690 - segmed_pro - DEBUG - Reading DICOM file: C:\Users\Yurtsever\Downloads\segpro-med\cvm_48_t1\1.3.12.2.1107.5.2.36.40820.2021111512341710546233196_MR.dcm
2025-06-08 16:47:38,712 - segmed_pro - DEBUG - Reading DICOM file: C:\Users\Yurtsever\Downloads\segpro-med\cvm_48_t1\1.3.12.2.1107.5.2.36.40820.2021111512341733208833201_MR.dcm
2025-06-08 16:47:38,735 - segmed_pro - DEBUG - Reading DICOM file: C:\Users\Yurtsever\Downloads\segpro-med\cvm_48_t1\1.3.12.2.1107.5.2.36.40820.2021111512341753545933206_MR.dcm
2025-06-08 16:47:38,757 - segmed_pro - DEBUG - Reading DICOM file: C:\Users\Yurtsever\Downloads\segpro-med\cvm_48_t1\1.3.12.2.1107.5.2.36.40820.2021111512341775486333211_MR.dcm
2025-06-08 16:47:38,778 - segmed_pro - DEBUG - Reading DICOM file: C:\Users\Yurtsever\Downloads\segpro-med\cvm_48_t1\1.3.12.2.1107.5.2.36.40820.2021111512352779416033216_MR.dcm
2025-06-08 16:47:38,800 - segmed_pro - DEBUG - Reading DICOM file: C:\Users\Yurtsever\Downloads\segpro-med\cvm_48_t1\1.3.12.2.1107.5.2.36.40820.202111151235281237733221_MR.dcm
2025-06-08 16:47:38,820 - segmed_pro - DEBUG - Reading DICOM file: C:\Users\Yurtsever\Downloads\segpro-med\cvm_48_t1\1.3.12.2.1107.5.2.36.40820.2021111512352822922433226_MR.dcm
2025-06-08 16:47:38,842 - segmed_pro - DEBUG - Reading DICOM file: C:\Users\Yurtsever\Downloads\segpro-med\cvm_48_t1\1.3.12.2.1107.5.2.36.40820.2021111512352845071133231_MR.dcm
2025-06-08 16:47:38,861 - segmed_pro - DEBUG - Reading DICOM file: C:\Users\Yurtsever\Downloads\segpro-med\cvm_48_t1\1.3.12.2.1107.5.2.36.40820.2021111512352866931233236_MR.dcm
2025-06-08 16:47:38,881 - segmed_pro - DEBUG - Reading DICOM file: C:\Users\Yurtsever\Downloads\segpro-med\cvm_48_t1\1.3.12.2.1107.5.2.36.40820.2021111512352888819833241_MR.dcm
2025-06-08 16:47:38,902 - segmed_pro - DEBUG - Reading DICOM file: C:\Users\Yurtsever\Downloads\segpro-med\cvm_48_t1\1.3.12.2.1107.5.2.36.40820.2021111512352911077633246_MR.dcm
2025-06-08 16:47:38,921 - segmed_pro - DEBUG - Reading DICOM file: C:\Users\Yurtsever\Downloads\segpro-med\cvm_48_t1\1.3.12.2.1107.5.2.36.40820.2021111512352932328233251_MR.dcm
2025-06-08 16:47:38,941 - segmed_pro - DEBUG - Reading DICOM file: C:\Users\Yurtsever\Downloads\segpro-med\cvm_48_t1\1.3.12.2.1107.5.2.36.40820.2021111512352954399933256_MR.dcm
2025-06-08 16:47:38,961 - segmed_pro - DEBUG - Reading DICOM file: C:\Users\Yurtsever\Downloads\segpro-med\cvm_48_t1\1.3.12.2.1107.5.2.36.40820.2021111512352976441533261_MR.dcm
2025-06-08 16:47:38,981 - segmed_pro - INFO - Successfully read 20 DICOM files
2025-06-08 16:47:38,981 - segmed_pro - INFO - Sorting by Instance Number
2025-06-08 16:47:39,060 - segmed_pro - INFO - Created 3D volume with shape (20, 512, 400)
2025-06-08 16:47:39,082 - segmed_pro - INFO - Extracted metadata from first slice
2025-06-08 16:47:49,536 - segmed_pro - INFO - Loading DICOM series from directory: C:\Users\Yurtsever\Downloads\segpro-med\cvm_48_t1
2025-06-08 16:47:49,537 - segmed_pro - INFO - Found 20 DICOM files
2025-06-08 16:47:49,537 - segmed_pro - DEBUG - Reading DICOM file: C:\Users\Yurtsever\Downloads\segpro-med\cvm_48_t1\1.3.12.2.1107.5.2.36.40820.2021111512341579279633165_MR.dcm
2025-06-08 16:47:49,560 - segmed_pro - DEBUG - Reading DICOM file: C:\Users\Yurtsever\Downloads\segpro-med\cvm_48_t1\1.3.12.2.1107.5.2.36.40820.202111151234161027033171_MR.dcm
2025-06-08 16:47:49,583 - segmed_pro - DEBUG - Reading DICOM file: C:\Users\Yurtsever\Downloads\segpro-med\cvm_48_t1\1.3.12.2.1107.5.2.36.40820.2021111512341623308733176_MR.dcm
2025-06-08 16:47:49,605 - segmed_pro - DEBUG - Reading DICOM file: C:\Users\Yurtsever\Downloads\segpro-med\cvm_48_t1\1.3.12.2.1107.5.2.36.40820.2021111512341644779633181_MR.dcm
2025-06-08 16:47:49,628 - segmed_pro - DEBUG - Reading DICOM file: C:\Users\Yurtsever\Downloads\segpro-med\cvm_48_t1\1.3.12.2.1107.5.2.36.40820.2021111512341666461533186_MR.dcm
2025-06-08 16:47:49,650 - segmed_pro - DEBUG - Reading DICOM file: C:\Users\Yurtsever\Downloads\segpro-med\cvm_48_t1\1.3.12.2.1107.5.2.36.40820.2021111512341688430633191_MR.dcm
2025-06-08 16:47:49,672 - segmed_pro - DEBUG - Reading DICOM file: C:\Users\Yurtsever\Downloads\segpro-med\cvm_48_t1\1.3.12.2.1107.5.2.36.40820.2021111512341710546233196_MR.dcm
2025-06-08 16:47:49,695 - segmed_pro - DEBUG - Reading DICOM file: C:\Users\Yurtsever\Downloads\segpro-med\cvm_48_t1\1.3.12.2.1107.5.2.36.40820.2021111512341733208833201_MR.dcm
2025-06-08 16:47:49,717 - segmed_pro - DEBUG - Reading DICOM file: C:\Users\Yurtsever\Downloads\segpro-med\cvm_48_t1\1.3.12.2.1107.5.2.36.40820.2021111512341753545933206_MR.dcm
2025-06-08 16:47:49,739 - segmed_pro - DEBUG - Reading DICOM file: C:\Users\Yurtsever\Downloads\segpro-med\cvm_48_t1\1.3.12.2.1107.5.2.36.40820.2021111512341775486333211_MR.dcm
2025-06-08 16:47:49,760 - segmed_pro - DEBUG - Reading DICOM file: C:\Users\Yurtsever\Downloads\segpro-med\cvm_48_t1\1.3.12.2.1107.5.2.36.40820.2021111512352779416033216_MR.dcm
2025-06-08 16:47:49,781 - segmed_pro - DEBUG - Reading DICOM file: C:\Users\Yurtsever\Downloads\segpro-med\cvm_48_t1\1.3.12.2.1107.5.2.36.40820.202111151235281237733221_MR.dcm
2025-06-08 16:47:49,803 - segmed_pro - DEBUG - Reading DICOM file: C:\Users\Yurtsever\Downloads\segpro-med\cvm_48_t1\1.3.12.2.1107.5.2.36.40820.2021111512352822922433226_MR.dcm
2025-06-08 16:47:49,824 - segmed_pro - DEBUG - Reading DICOM file: C:\Users\Yurtsever\Downloads\segpro-med\cvm_48_t1\1.3.12.2.1107.5.2.36.40820.2021111512352845071133231_MR.dcm
2025-06-08 16:47:49,844 - segmed_pro - DEBUG - Reading DICOM file: C:\Users\Yurtsever\Downloads\segpro-med\cvm_48_t1\1.3.12.2.1107.5.2.36.40820.2021111512352866931233236_MR.dcm
2025-06-08 16:47:49,865 - segmed_pro - DEBUG - Reading DICOM file: C:\Users\Yurtsever\Downloads\segpro-med\cvm_48_t1\1.3.12.2.1107.5.2.36.40820.2021111512352888819833241_MR.dcm
2025-06-08 16:47:49,887 - segmed_pro - DEBUG - Reading DICOM file: C:\Users\Yurtsever\Downloads\segpro-med\cvm_48_t1\1.3.12.2.1107.5.2.36.40820.2021111512352911077633246_MR.dcm
2025-06-08 16:47:49,908 - segmed_pro - DEBUG - Reading DICOM file: C:\Users\Yurtsever\Downloads\segpro-med\cvm_48_t1\1.3.12.2.1107.5.2.36.40820.2021111512352932328233251_MR.dcm
2025-06-08 16:47:49,929 - segmed_pro - DEBUG - Reading DICOM file: C:\Users\Yurtsever\Downloads\segpro-med\cvm_48_t1\1.3.12.2.1107.5.2.36.40820.2021111512352954399933256_MR.dcm
2025-06-08 16:47:49,949 - segmed_pro - DEBUG - Reading DICOM file: C:\Users\Yurtsever\Downloads\segpro-med\cvm_48_t1\1.3.12.2.1107.5.2.36.40820.2021111512352976441533261_MR.dcm
2025-06-08 16:47:49,970 - segmed_pro - INFO - Successfully read 20 DICOM files
2025-06-08 16:47:49,971 - segmed_pro - INFO - Sorting by Instance Number
2025-06-08 16:47:50,063 - segmed_pro - INFO - Created 3D volume with shape (20, 512, 400)
2025-06-08 16:47:50,086 - segmed_pro - INFO - Extracted metadata from first slice
2025-06-08 16:47:59,105 - segmed_pro - INFO - Configured DICOM handlers: gdcm, pylibjpeg, pillow, numpy
2025-06-08 16:48:05,586 - segmed_pro - INFO - Loading DICOM series from directory: C:\Users\Yurtsever\Downloads\segpro-med\cvm_48_t1
2025-06-08 16:48:05,587 - segmed_pro - INFO - Found 20 DICOM files
2025-06-08 16:48:05,587 - segmed_pro - DEBUG - Reading DICOM file: C:\Users\Yurtsever\Downloads\segpro-med\cvm_48_t1\1.3.12.2.1107.5.2.36.40820.2021111512341579279633165_MR.dcm
2025-06-08 16:48:05,610 - segmed_pro - DEBUG - Reading DICOM file: C:\Users\Yurtsever\Downloads\segpro-med\cvm_48_t1\1.3.12.2.1107.5.2.36.40820.202111151234161027033171_MR.dcm
2025-06-08 16:48:05,632 - segmed_pro - DEBUG - Reading DICOM file: C:\Users\Yurtsever\Downloads\segpro-med\cvm_48_t1\1.3.12.2.1107.5.2.36.40820.2021111512341623308733176_MR.dcm
2025-06-08 16:48:05,653 - segmed_pro - DEBUG - Reading DICOM file: C:\Users\Yurtsever\Downloads\segpro-med\cvm_48_t1\1.3.12.2.1107.5.2.36.40820.2021111512341644779633181_MR.dcm
2025-06-08 16:48:05,673 - segmed_pro - DEBUG - Reading DICOM file: C:\Users\Yurtsever\Downloads\segpro-med\cvm_48_t1\1.3.12.2.1107.5.2.36.40820.2021111512341666461533186_MR.dcm
2025-06-08 16:48:05,693 - segmed_pro - DEBUG - Reading DICOM file: C:\Users\Yurtsever\Downloads\segpro-med\cvm_48_t1\1.3.12.2.1107.5.2.36.40820.2021111512341688430633191_MR.dcm
2025-06-08 16:48:05,713 - segmed_pro - DEBUG - Reading DICOM file: C:\Users\Yurtsever\Downloads\segpro-med\cvm_48_t1\1.3.12.2.1107.5.2.36.40820.2021111512341710546233196_MR.dcm
2025-06-08 16:48:05,734 - segmed_pro - DEBUG - Reading DICOM file: C:\Users\Yurtsever\Downloads\segpro-med\cvm_48_t1\1.3.12.2.1107.5.2.36.40820.2021111512341733208833201_MR.dcm
2025-06-08 16:48:05,755 - segmed_pro - DEBUG - Reading DICOM file: C:\Users\Yurtsever\Downloads\segpro-med\cvm_48_t1\1.3.12.2.1107.5.2.36.40820.2021111512341753545933206_MR.dcm
2025-06-08 16:48:05,776 - segmed_pro - DEBUG - Reading DICOM file: C:\Users\Yurtsever\Downloads\segpro-med\cvm_48_t1\1.3.12.2.1107.5.2.36.40820.2021111512341775486333211_MR.dcm
2025-06-08 16:48:05,798 - segmed_pro - DEBUG - Reading DICOM file: C:\Users\Yurtsever\Downloads\segpro-med\cvm_48_t1\1.3.12.2.1107.5.2.36.40820.2021111512352779416033216_MR.dcm
2025-06-08 16:48:05,823 - segmed_pro - DEBUG - Reading DICOM file: C:\Users\Yurtsever\Downloads\segpro-med\cvm_48_t1\1.3.12.2.1107.5.2.36.40820.202111151235281237733221_MR.dcm
2025-06-08 16:48:05,860 - segmed_pro - DEBUG - Reading DICOM file: C:\Users\Yurtsever\Downloads\segpro-med\cvm_48_t1\1.3.12.2.1107.5.2.36.40820.2021111512352822922433226_MR.dcm
2025-06-08 16:48:05,893 - segmed_pro - DEBUG - Reading DICOM file: C:\Users\Yurtsever\Downloads\segpro-med\cvm_48_t1\1.3.12.2.1107.5.2.36.40820.2021111512352845071133231_MR.dcm
2025-06-08 16:48:05,926 - segmed_pro - DEBUG - Reading DICOM file: C:\Users\Yurtsever\Downloads\segpro-med\cvm_48_t1\1.3.12.2.1107.5.2.36.40820.2021111512352866931233236_MR.dcm
2025-06-08 16:48:05,959 - segmed_pro - DEBUG - Reading DICOM file: C:\Users\Yurtsever\Downloads\segpro-med\cvm_48_t1\1.3.12.2.1107.5.2.36.40820.2021111512352888819833241_MR.dcm
2025-06-08 16:48:05,994 - segmed_pro - DEBUG - Reading DICOM file: C:\Users\Yurtsever\Downloads\segpro-med\cvm_48_t1\1.3.12.2.1107.5.2.36.40820.2021111512352911077633246_MR.dcm
2025-06-08 16:48:06,027 - segmed_pro - DEBUG - Reading DICOM file: C:\Users\Yurtsever\Downloads\segpro-med\cvm_48_t1\1.3.12.2.1107.5.2.36.40820.2021111512352932328233251_MR.dcm
2025-06-08 16:48:06,060 - segmed_pro - DEBUG - Reading DICOM file: C:\Users\Yurtsever\Downloads\segpro-med\cvm_48_t1\1.3.12.2.1107.5.2.36.40820.2021111512352954399933256_MR.dcm
2025-06-08 16:48:06,093 - segmed_pro - DEBUG - Reading DICOM file: C:\Users\Yurtsever\Downloads\segpro-med\cvm_48_t1\1.3.12.2.1107.5.2.36.40820.2021111512352976441533261_MR.dcm
2025-06-08 16:48:06,126 - segmed_pro - INFO - Successfully read 20 DICOM files
2025-06-08 16:48:06,126 - segmed_pro - INFO - Sorting by Instance Number
2025-06-08 16:48:06,264 - segmed_pro - INFO - Created 3D volume with shape (20, 512, 400)
2025-06-08 16:48:06,299 - segmed_pro - INFO - Extracted metadata from first slice
2025-06-08 17:47:28,229 - segmed_pro - INFO - Configured DICOM handlers: gdcm, pylibjpeg, pillow, numpy
2025-06-08 17:47:35,414 - segmed_pro - INFO - Loading DICOM series from directory: C:\Users\Yurtsever\Downloads\segpro-med\cvm_48_t1
2025-06-08 17:47:35,415 - segmed_pro - INFO - Found 20 DICOM files
2025-06-08 17:47:35,416 - segmed_pro - DEBUG - Reading DICOM file: C:\Users\Yurtsever\Downloads\segpro-med\cvm_48_t1\1.3.12.2.1107.5.2.36.40820.2021111512341579279633165_MR.dcm
2025-06-08 17:47:35,453 - segmed_pro - DEBUG - Reading DICOM file: C:\Users\Yurtsever\Downloads\segpro-med\cvm_48_t1\1.3.12.2.1107.5.2.36.40820.202111151234161027033171_MR.dcm
2025-06-08 17:47:35,494 - segmed_pro - DEBUG - Reading DICOM file: C:\Users\Yurtsever\Downloads\segpro-med\cvm_48_t1\1.3.12.2.1107.5.2.36.40820.2021111512341623308733176_MR.dcm
2025-06-08 17:47:35,530 - segmed_pro - DEBUG - Reading DICOM file: C:\Users\Yurtsever\Downloads\segpro-med\cvm_48_t1\1.3.12.2.1107.5.2.36.40820.2021111512341644779633181_MR.dcm
2025-06-08 17:47:35,565 - segmed_pro - DEBUG - Reading DICOM file: C:\Users\Yurtsever\Downloads\segpro-med\cvm_48_t1\1.3.12.2.1107.5.2.36.40820.2021111512341666461533186_MR.dcm
2025-06-08 17:47:35,600 - segmed_pro - DEBUG - Reading DICOM file: C:\Users\Yurtsever\Downloads\segpro-med\cvm_48_t1\1.3.12.2.1107.5.2.36.40820.2021111512341688430633191_MR.dcm
2025-06-08 17:47:35,635 - segmed_pro - DEBUG - Reading DICOM file: C:\Users\Yurtsever\Downloads\segpro-med\cvm_48_t1\1.3.12.2.1107.5.2.36.40820.2021111512341710546233196_MR.dcm
2025-06-08 17:47:35,669 - segmed_pro - DEBUG - Reading DICOM file: C:\Users\Yurtsever\Downloads\segpro-med\cvm_48_t1\1.3.12.2.1107.5.2.36.40820.2021111512341733208833201_MR.dcm
2025-06-08 17:47:35,703 - segmed_pro - DEBUG - Reading DICOM file: C:\Users\Yurtsever\Downloads\segpro-med\cvm_48_t1\1.3.12.2.1107.5.2.36.40820.2021111512341753545933206_MR.dcm
2025-06-08 17:47:35,738 - segmed_pro - DEBUG - Reading DICOM file: C:\Users\Yurtsever\Downloads\segpro-med\cvm_48_t1\1.3.12.2.1107.5.2.36.40820.2021111512341775486333211_MR.dcm
2025-06-08 17:47:35,773 - segmed_pro - DEBUG - Reading DICOM file: C:\Users\Yurtsever\Downloads\segpro-med\cvm_48_t1\1.3.12.2.1107.5.2.36.40820.2021111512352779416033216_MR.dcm
2025-06-08 17:47:35,808 - segmed_pro - DEBUG - Reading DICOM file: C:\Users\Yurtsever\Downloads\segpro-med\cvm_48_t1\1.3.12.2.1107.5.2.36.40820.202111151235281237733221_MR.dcm
2025-06-08 17:47:35,843 - segmed_pro - DEBUG - Reading DICOM file: C:\Users\Yurtsever\Downloads\segpro-med\cvm_48_t1\1.3.12.2.1107.5.2.36.40820.2021111512352822922433226_MR.dcm
2025-06-08 17:47:35,878 - segmed_pro - DEBUG - Reading DICOM file: C:\Users\Yurtsever\Downloads\segpro-med\cvm_48_t1\1.3.12.2.1107.5.2.36.40820.2021111512352845071133231_MR.dcm
2025-06-08 17:47:35,912 - segmed_pro - DEBUG - Reading DICOM file: C:\Users\Yurtsever\Downloads\segpro-med\cvm_48_t1\1.3.12.2.1107.5.2.36.40820.2021111512352866931233236_MR.dcm
2025-06-08 17:47:35,946 - segmed_pro - DEBUG - Reading DICOM file: C:\Users\Yurtsever\Downloads\segpro-med\cvm_48_t1\1.3.12.2.1107.5.2.36.40820.2021111512352888819833241_MR.dcm
2025-06-08 17:47:35,980 - segmed_pro - DEBUG - Reading DICOM file: C:\Users\Yurtsever\Downloads\segpro-med\cvm_48_t1\1.3.12.2.1107.5.2.36.40820.2021111512352911077633246_MR.dcm
2025-06-08 17:47:36,014 - segmed_pro - DEBUG - Reading DICOM file: C:\Users\Yurtsever\Downloads\segpro-med\cvm_48_t1\1.3.12.2.1107.5.2.36.40820.2021111512352932328233251_MR.dcm
2025-06-08 17:47:36,049 - segmed_pro - DEBUG - Reading DICOM file: C:\Users\Yurtsever\Downloads\segpro-med\cvm_48_t1\1.3.12.2.1107.5.2.36.40820.2021111512352954399933256_MR.dcm
2025-06-08 17:47:36,083 - segmed_pro - DEBUG - Reading DICOM file: C:\Users\Yurtsever\Downloads\segpro-med\cvm_48_t1\1.3.12.2.1107.5.2.36.40820.2021111512352976441533261_MR.dcm
2025-06-08 17:47:36,117 - segmed_pro - INFO - Successfully read 20 DICOM files
2025-06-08 17:47:36,118 - segmed_pro - INFO - Sorting by Instance Number
2025-06-08 17:47:36,239 - segmed_pro - INFO - Created 3D volume with shape (20, 512, 400)
2025-06-08 17:47:36,276 - segmed_pro - INFO - Extracted metadata from first slice
2025-06-08 17:48:09,900 - segmed_pro - INFO - Loading DICOM series from directory: C:\Users\Yurtsever\Downloads\segpro-med\cvm_48_t1
2025-06-08 17:48:09,902 - segmed_pro - INFO - Found 20 DICOM files
2025-06-08 17:48:09,903 - segmed_pro - DEBUG - Reading DICOM file: C:\Users\Yurtsever\Downloads\segpro-med\cvm_48_t1\1.3.12.2.1107.5.2.36.40820.2021111512341579279633165_MR.dcm
2025-06-08 17:48:09,944 - segmed_pro - DEBUG - Reading DICOM file: C:\Users\Yurtsever\Downloads\segpro-med\cvm_48_t1\1.3.12.2.1107.5.2.36.40820.202111151234161027033171_MR.dcm
2025-06-08 17:48:09,976 - segmed_pro - DEBUG - Reading DICOM file: C:\Users\Yurtsever\Downloads\segpro-med\cvm_48_t1\1.3.12.2.1107.5.2.36.40820.2021111512341623308733176_MR.dcm
2025-06-08 17:48:10,008 - segmed_pro - DEBUG - Reading DICOM file: C:\Users\Yurtsever\Downloads\segpro-med\cvm_48_t1\1.3.12.2.1107.5.2.36.40820.2021111512341644779633181_MR.dcm
2025-06-08 17:48:10,040 - segmed_pro - DEBUG - Reading DICOM file: C:\Users\Yurtsever\Downloads\segpro-med\cvm_48_t1\1.3.12.2.1107.5.2.36.40820.2021111512341666461533186_MR.dcm
2025-06-08 17:48:10,072 - segmed_pro - DEBUG - Reading DICOM file: C:\Users\Yurtsever\Downloads\segpro-med\cvm_48_t1\1.3.12.2.1107.5.2.36.40820.2021111512341688430633191_MR.dcm
2025-06-08 17:48:10,105 - segmed_pro - DEBUG - Reading DICOM file: C:\Users\Yurtsever\Downloads\segpro-med\cvm_48_t1\1.3.12.2.1107.5.2.36.40820.2021111512341710546233196_MR.dcm
2025-06-08 17:48:10,139 - segmed_pro - DEBUG - Reading DICOM file: C:\Users\Yurtsever\Downloads\segpro-med\cvm_48_t1\1.3.12.2.1107.5.2.36.40820.2021111512341733208833201_MR.dcm
2025-06-08 17:48:10,171 - segmed_pro - DEBUG - Reading DICOM file: C:\Users\Yurtsever\Downloads\segpro-med\cvm_48_t1\1.3.12.2.1107.5.2.36.40820.2021111512341753545933206_MR.dcm
2025-06-08 17:48:10,204 - segmed_pro - DEBUG - Reading DICOM file: C:\Users\Yurtsever\Downloads\segpro-med\cvm_48_t1\1.3.12.2.1107.5.2.36.40820.2021111512341775486333211_MR.dcm
2025-06-08 17:48:10,235 - segmed_pro - DEBUG - Reading DICOM file: C:\Users\Yurtsever\Downloads\segpro-med\cvm_48_t1\1.3.12.2.1107.5.2.36.40820.2021111512352779416033216_MR.dcm
2025-06-08 17:48:10,267 - segmed_pro - DEBUG - Reading DICOM file: C:\Users\Yurtsever\Downloads\segpro-med\cvm_48_t1\1.3.12.2.1107.5.2.36.40820.202111151235281237733221_MR.dcm
2025-06-08 17:48:10,300 - segmed_pro - DEBUG - Reading DICOM file: C:\Users\Yurtsever\Downloads\segpro-med\cvm_48_t1\1.3.12.2.1107.5.2.36.40820.2021111512352822922433226_MR.dcm
2025-06-08 17:48:10,332 - segmed_pro - DEBUG - Reading DICOM file: C:\Users\Yurtsever\Downloads\segpro-med\cvm_48_t1\1.3.12.2.1107.5.2.36.40820.2021111512352845071133231_MR.dcm
2025-06-08 17:48:10,365 - segmed_pro - DEBUG - Reading DICOM file: C:\Users\Yurtsever\Downloads\segpro-med\cvm_48_t1\1.3.12.2.1107.5.2.36.40820.2021111512352866931233236_MR.dcm
2025-06-08 17:48:10,396 - segmed_pro - DEBUG - Reading DICOM file: C:\Users\Yurtsever\Downloads\segpro-med\cvm_48_t1\1.3.12.2.1107.5.2.36.40820.2021111512352888819833241_MR.dcm
2025-06-08 17:48:10,429 - segmed_pro - DEBUG - Reading DICOM file: C:\Users\Yurtsever\Downloads\segpro-med\cvm_48_t1\1.3.12.2.1107.5.2.36.40820.2021111512352911077633246_MR.dcm
2025-06-08 17:48:10,461 - segmed_pro - DEBUG - Reading DICOM file: C:\Users\Yurtsever\Downloads\segpro-med\cvm_48_t1\1.3.12.2.1107.5.2.36.40820.2021111512352932328233251_MR.dcm
2025-06-08 17:48:10,494 - segmed_pro - DEBUG - Reading DICOM file: C:\Users\Yurtsever\Downloads\segpro-med\cvm_48_t1\1.3.12.2.1107.5.2.36.40820.2021111512352954399933256_MR.dcm
2025-06-08 17:48:10,526 - segmed_pro - DEBUG - Reading DICOM file: C:\Users\Yurtsever\Downloads\segpro-med\cvm_48_t1\1.3.12.2.1107.5.2.36.40820.2021111512352976441533261_MR.dcm
2025-06-08 17:48:10,560 - segmed_pro - INFO - Successfully read 20 DICOM files
2025-06-08 17:48:10,560 - segmed_pro - INFO - Sorting by Instance Number
2025-06-08 17:48:10,721 - segmed_pro - INFO - Created 3D volume with shape (20, 512, 400)
2025-06-08 17:48:10,754 - segmed_pro - INFO - Extracted metadata from first slice
2025-06-08 17:48:54,342 - segmed_pro - INFO - Configured DICOM handlers: gdcm, pylibjpeg, pillow, numpy
2025-06-08 17:49:00,209 - segmed_pro - INFO - Loading DICOM series from directory: C:\Users\Yurtsever\Downloads\segpro-med\cvm_48_t1
2025-06-08 17:49:00,210 - segmed_pro - INFO - Found 20 DICOM files
2025-06-08 17:49:00,210 - segmed_pro - DEBUG - Reading DICOM file: C:\Users\Yurtsever\Downloads\segpro-med\cvm_48_t1\1.3.12.2.1107.5.2.36.40820.2021111512341579279633165_MR.dcm
2025-06-08 17:49:00,246 - segmed_pro - DEBUG - Reading DICOM file: C:\Users\Yurtsever\Downloads\segpro-med\cvm_48_t1\1.3.12.2.1107.5.2.36.40820.202111151234161027033171_MR.dcm
2025-06-08 17:49:00,279 - segmed_pro - DEBUG - Reading DICOM file: C:\Users\Yurtsever\Downloads\segpro-med\cvm_48_t1\1.3.12.2.1107.5.2.36.40820.2021111512341623308733176_MR.dcm
2025-06-08 17:49:00,312 - segmed_pro - DEBUG - Reading DICOM file: C:\Users\Yurtsever\Downloads\segpro-med\cvm_48_t1\1.3.12.2.1107.5.2.36.40820.2021111512341644779633181_MR.dcm
2025-06-08 17:49:00,351 - segmed_pro - DEBUG - Reading DICOM file: C:\Users\Yurtsever\Downloads\segpro-med\cvm_48_t1\1.3.12.2.1107.5.2.36.40820.2021111512341666461533186_MR.dcm
2025-06-08 17:49:00,386 - segmed_pro - DEBUG - Reading DICOM file: C:\Users\Yurtsever\Downloads\segpro-med\cvm_48_t1\1.3.12.2.1107.5.2.36.40820.2021111512341688430633191_MR.dcm
2025-06-08 17:49:00,424 - segmed_pro - DEBUG - Reading DICOM file: C:\Users\Yurtsever\Downloads\segpro-med\cvm_48_t1\1.3.12.2.1107.5.2.36.40820.2021111512341710546233196_MR.dcm
2025-06-08 17:49:00,459 - segmed_pro - DEBUG - Reading DICOM file: C:\Users\Yurtsever\Downloads\segpro-med\cvm_48_t1\1.3.12.2.1107.5.2.36.40820.2021111512341733208833201_MR.dcm
2025-06-08 17:49:00,493 - segmed_pro - DEBUG - Reading DICOM file: C:\Users\Yurtsever\Downloads\segpro-med\cvm_48_t1\1.3.12.2.1107.5.2.36.40820.2021111512341753545933206_MR.dcm
2025-06-08 17:49:00,528 - segmed_pro - DEBUG - Reading DICOM file: C:\Users\Yurtsever\Downloads\segpro-med\cvm_48_t1\1.3.12.2.1107.5.2.36.40820.2021111512341775486333211_MR.dcm
2025-06-08 17:49:00,562 - segmed_pro - DEBUG - Reading DICOM file: C:\Users\Yurtsever\Downloads\segpro-med\cvm_48_t1\1.3.12.2.1107.5.2.36.40820.2021111512352779416033216_MR.dcm
2025-06-08 17:49:00,596 - segmed_pro - DEBUG - Reading DICOM file: C:\Users\Yurtsever\Downloads\segpro-med\cvm_48_t1\1.3.12.2.1107.5.2.36.40820.202111151235281237733221_MR.dcm
2025-06-08 17:49:00,631 - segmed_pro - DEBUG - Reading DICOM file: C:\Users\Yurtsever\Downloads\segpro-med\cvm_48_t1\1.3.12.2.1107.5.2.36.40820.2021111512352822922433226_MR.dcm
2025-06-08 17:49:00,665 - segmed_pro - DEBUG - Reading DICOM file: C:\Users\Yurtsever\Downloads\segpro-med\cvm_48_t1\1.3.12.2.1107.5.2.36.40820.2021111512352845071133231_MR.dcm
2025-06-08 17:49:00,700 - segmed_pro - DEBUG - Reading DICOM file: C:\Users\Yurtsever\Downloads\segpro-med\cvm_48_t1\1.3.12.2.1107.5.2.36.40820.2021111512352866931233236_MR.dcm
2025-06-08 17:49:00,733 - segmed_pro - DEBUG - Reading DICOM file: C:\Users\Yurtsever\Downloads\segpro-med\cvm_48_t1\1.3.12.2.1107.5.2.36.40820.2021111512352888819833241_MR.dcm
2025-06-08 17:49:00,766 - segmed_pro - DEBUG - Reading DICOM file: C:\Users\Yurtsever\Downloads\segpro-med\cvm_48_t1\1.3.12.2.1107.5.2.36.40820.2021111512352911077633246_MR.dcm
2025-06-08 17:49:00,799 - segmed_pro - DEBUG - Reading DICOM file: C:\Users\Yurtsever\Downloads\segpro-med\cvm_48_t1\1.3.12.2.1107.5.2.36.40820.2021111512352932328233251_MR.dcm
2025-06-08 17:49:00,832 - segmed_pro - DEBUG - Reading DICOM file: C:\Users\Yurtsever\Downloads\segpro-med\cvm_48_t1\1.3.12.2.1107.5.2.36.40820.2021111512352954399933256_MR.dcm
2025-06-08 17:49:00,865 - segmed_pro - DEBUG - Reading DICOM file: C:\Users\Yurtsever\Downloads\segpro-med\cvm_48_t1\1.3.12.2.1107.5.2.36.40820.2021111512352976441533261_MR.dcm
2025-06-08 17:49:00,899 - segmed_pro - INFO - Successfully read 20 DICOM files
2025-06-08 17:49:00,899 - segmed_pro - INFO - Sorting by Instance Number
2025-06-08 17:49:01,036 - segmed_pro - INFO - Created 3D volume with shape (20, 512, 400)
2025-06-08 17:49:01,074 - segmed_pro - INFO - Extracted metadata from first slice
2025-06-08 17:59:50,855 - segmed_pro - INFO - Configured DICOM handlers: gdcm, pylibjpeg, pillow, numpy
2025-06-08 17:59:56,444 - segmed_pro - INFO - Loading DICOM series from directory: C:\Users\Yurtsever\Downloads\segpro-med\cvm_48_t1
2025-06-08 17:59:56,444 - segmed_pro - INFO - Found 20 DICOM files
2025-06-08 17:59:56,445 - segmed_pro - DEBUG - Reading DICOM file: C:\Users\Yurtsever\Downloads\segpro-med\cvm_48_t1\1.3.12.2.1107.5.2.36.40820.2021111512341579279633165_MR.dcm
2025-06-08 17:59:56,466 - segmed_pro - DEBUG - Reading DICOM file: C:\Users\Yurtsever\Downloads\segpro-med\cvm_48_t1\1.3.12.2.1107.5.2.36.40820.202111151234161027033171_MR.dcm
2025-06-08 17:59:56,488 - segmed_pro - DEBUG - Reading DICOM file: C:\Users\Yurtsever\Downloads\segpro-med\cvm_48_t1\1.3.12.2.1107.5.2.36.40820.2021111512341623308733176_MR.dcm
2025-06-08 17:59:56,510 - segmed_pro - DEBUG - Reading DICOM file: C:\Users\Yurtsever\Downloads\segpro-med\cvm_48_t1\1.3.12.2.1107.5.2.36.40820.2021111512341644779633181_MR.dcm
2025-06-08 17:59:56,532 - segmed_pro - DEBUG - Reading DICOM file: C:\Users\Yurtsever\Downloads\segpro-med\cvm_48_t1\1.3.12.2.1107.5.2.36.40820.2021111512341666461533186_MR.dcm
2025-06-08 17:59:56,554 - segmed_pro - DEBUG - Reading DICOM file: C:\Users\Yurtsever\Downloads\segpro-med\cvm_48_t1\1.3.12.2.1107.5.2.36.40820.2021111512341688430633191_MR.dcm
2025-06-08 17:59:56,575 - segmed_pro - DEBUG - Reading DICOM file: C:\Users\Yurtsever\Downloads\segpro-med\cvm_48_t1\1.3.12.2.1107.5.2.36.40820.2021111512341710546233196_MR.dcm
2025-06-08 17:59:56,598 - segmed_pro - DEBUG - Reading DICOM file: C:\Users\Yurtsever\Downloads\segpro-med\cvm_48_t1\1.3.12.2.1107.5.2.36.40820.2021111512341733208833201_MR.dcm
2025-06-08 17:59:56,625 - segmed_pro - DEBUG - Reading DICOM file: C:\Users\Yurtsever\Downloads\segpro-med\cvm_48_t1\1.3.12.2.1107.5.2.36.40820.2021111512341753545933206_MR.dcm
2025-06-08 17:59:56,648 - segmed_pro - DEBUG - Reading DICOM file: C:\Users\Yurtsever\Downloads\segpro-med\cvm_48_t1\1.3.12.2.1107.5.2.36.40820.2021111512341775486333211_MR.dcm
2025-06-08 17:59:56,671 - segmed_pro - DEBUG - Reading DICOM file: C:\Users\Yurtsever\Downloads\segpro-med\cvm_48_t1\1.3.12.2.1107.5.2.36.40820.2021111512352779416033216_MR.dcm
2025-06-08 17:59:56,693 - segmed_pro - DEBUG - Reading DICOM file: C:\Users\Yurtsever\Downloads\segpro-med\cvm_48_t1\1.3.12.2.1107.5.2.36.40820.202111151235281237733221_MR.dcm
2025-06-08 17:59:56,715 - segmed_pro - DEBUG - Reading DICOM file: C:\Users\Yurtsever\Downloads\segpro-med\cvm_48_t1\1.3.12.2.1107.5.2.36.40820.2021111512352822922433226_MR.dcm
2025-06-08 17:59:56,736 - segmed_pro - DEBUG - Reading DICOM file: C:\Users\Yurtsever\Downloads\segpro-med\cvm_48_t1\1.3.12.2.1107.5.2.36.40820.2021111512352845071133231_MR.dcm
2025-06-08 17:59:56,758 - segmed_pro - DEBUG - Reading DICOM file: C:\Users\Yurtsever\Downloads\segpro-med\cvm_48_t1\1.3.12.2.1107.5.2.36.40820.2021111512352866931233236_MR.dcm
2025-06-08 17:59:56,779 - segmed_pro - DEBUG - Reading DICOM file: C:\Users\Yurtsever\Downloads\segpro-med\cvm_48_t1\1.3.12.2.1107.5.2.36.40820.2021111512352888819833241_MR.dcm
2025-06-08 17:59:56,800 - segmed_pro - DEBUG - Reading DICOM file: C:\Users\Yurtsever\Downloads\segpro-med\cvm_48_t1\1.3.12.2.1107.5.2.36.40820.2021111512352911077633246_MR.dcm
2025-06-08 17:59:56,821 - segmed_pro - DEBUG - Reading DICOM file: C:\Users\Yurtsever\Downloads\segpro-med\cvm_48_t1\1.3.12.2.1107.5.2.36.40820.2021111512352932328233251_MR.dcm
2025-06-08 17:59:56,840 - segmed_pro - DEBUG - Reading DICOM file: C:\Users\Yurtsever\Downloads\segpro-med\cvm_48_t1\1.3.12.2.1107.5.2.36.40820.2021111512352954399933256_MR.dcm
2025-06-08 17:59:56,861 - segmed_pro - DEBUG - Reading DICOM file: C:\Users\Yurtsever\Downloads\segpro-med\cvm_48_t1\1.3.12.2.1107.5.2.36.40820.2021111512352976441533261_MR.dcm
2025-06-08 17:59:56,881 - segmed_pro - INFO - Successfully read 20 DICOM files
2025-06-08 17:59:56,881 - segmed_pro - INFO - Sorting by Instance Number
2025-06-08 17:59:56,963 - segmed_pro - INFO - Created 3D volume with shape (20, 512, 400)
2025-06-08 17:59:56,983 - segmed_pro - INFO - Extracted metadata from first slice
2025-06-08 18:00:01,669 - segmed_pro - INFO - Loading DICOM series from directory: C:\Users\Yurtsever\Downloads\segpro-med\cvm_48_t1
2025-06-08 18:00:01,670 - segmed_pro - INFO - Found 20 DICOM files
2025-06-08 18:00:01,671 - segmed_pro - DEBUG - Reading DICOM file: C:\Users\Yurtsever\Downloads\segpro-med\cvm_48_t1\1.3.12.2.1107.5.2.36.40820.2021111512341579279633165_MR.dcm
2025-06-08 18:00:01,705 - segmed_pro - DEBUG - Reading DICOM file: C:\Users\Yurtsever\Downloads\segpro-med\cvm_48_t1\1.3.12.2.1107.5.2.36.40820.202111151234161027033171_MR.dcm
2025-06-08 18:00:01,742 - segmed_pro - DEBUG - Reading DICOM file: C:\Users\Yurtsever\Downloads\segpro-med\cvm_48_t1\1.3.12.2.1107.5.2.36.40820.2021111512341623308733176_MR.dcm
2025-06-08 18:00:01,775 - segmed_pro - DEBUG - Reading DICOM file: C:\Users\Yurtsever\Downloads\segpro-med\cvm_48_t1\1.3.12.2.1107.5.2.36.40820.2021111512341644779633181_MR.dcm
2025-06-08 18:00:01,808 - segmed_pro - DEBUG - Reading DICOM file: C:\Users\Yurtsever\Downloads\segpro-med\cvm_48_t1\1.3.12.2.1107.5.2.36.40820.2021111512341666461533186_MR.dcm
2025-06-08 18:00:01,841 - segmed_pro - DEBUG - Reading DICOM file: C:\Users\Yurtsever\Downloads\segpro-med\cvm_48_t1\1.3.12.2.1107.5.2.36.40820.2021111512341688430633191_MR.dcm
2025-06-08 18:00:01,875 - segmed_pro - DEBUG - Reading DICOM file: C:\Users\Yurtsever\Downloads\segpro-med\cvm_48_t1\1.3.12.2.1107.5.2.36.40820.2021111512341710546233196_MR.dcm
2025-06-08 18:00:01,910 - segmed_pro - DEBUG - Reading DICOM file: C:\Users\Yurtsever\Downloads\segpro-med\cvm_48_t1\1.3.12.2.1107.5.2.36.40820.2021111512341733208833201_MR.dcm
2025-06-08 18:00:01,999 - segmed_pro - DEBUG - Reading DICOM file: C:\Users\Yurtsever\Downloads\segpro-med\cvm_48_t1\1.3.12.2.1107.5.2.36.40820.2021111512341753545933206_MR.dcm
2025-06-08 18:00:02,034 - segmed_pro - DEBUG - Reading DICOM file: C:\Users\Yurtsever\Downloads\segpro-med\cvm_48_t1\1.3.12.2.1107.5.2.36.40820.2021111512341775486333211_MR.dcm
2025-06-08 18:00:02,069 - segmed_pro - DEBUG - Reading DICOM file: C:\Users\Yurtsever\Downloads\segpro-med\cvm_48_t1\1.3.12.2.1107.5.2.36.40820.2021111512352779416033216_MR.dcm
2025-06-08 18:00:02,104 - segmed_pro - DEBUG - Reading DICOM file: C:\Users\Yurtsever\Downloads\segpro-med\cvm_48_t1\1.3.12.2.1107.5.2.36.40820.202111151235281237733221_MR.dcm
2025-06-08 18:00:02,138 - segmed_pro - DEBUG - Reading DICOM file: C:\Users\Yurtsever\Downloads\segpro-med\cvm_48_t1\1.3.12.2.1107.5.2.36.40820.2021111512352822922433226_MR.dcm
2025-06-08 18:00:02,171 - segmed_pro - DEBUG - Reading DICOM file: C:\Users\Yurtsever\Downloads\segpro-med\cvm_48_t1\1.3.12.2.1107.5.2.36.40820.2021111512352845071133231_MR.dcm
2025-06-08 18:00:02,205 - segmed_pro - DEBUG - Reading DICOM file: C:\Users\Yurtsever\Downloads\segpro-med\cvm_48_t1\1.3.12.2.1107.5.2.36.40820.2021111512352866931233236_MR.dcm
2025-06-08 18:00:02,237 - segmed_pro - DEBUG - Reading DICOM file: C:\Users\Yurtsever\Downloads\segpro-med\cvm_48_t1\1.3.12.2.1107.5.2.36.40820.2021111512352888819833241_MR.dcm
2025-06-08 18:00:02,269 - segmed_pro - DEBUG - Reading DICOM file: C:\Users\Yurtsever\Downloads\segpro-med\cvm_48_t1\1.3.12.2.1107.5.2.36.40820.2021111512352911077633246_MR.dcm
2025-06-08 18:00:02,303 - segmed_pro - DEBUG - Reading DICOM file: C:\Users\Yurtsever\Downloads\segpro-med\cvm_48_t1\1.3.12.2.1107.5.2.36.40820.2021111512352932328233251_MR.dcm
2025-06-08 18:00:02,337 - segmed_pro - DEBUG - Reading DICOM file: C:\Users\Yurtsever\Downloads\segpro-med\cvm_48_t1\1.3.12.2.1107.5.2.36.40820.2021111512352954399933256_MR.dcm
2025-06-08 18:00:02,372 - segmed_pro - DEBUG - Reading DICOM file: C:\Users\Yurtsever\Downloads\segpro-med\cvm_48_t1\1.3.12.2.1107.5.2.36.40820.2021111512352976441533261_MR.dcm
2025-06-08 18:00:02,407 - segmed_pro - INFO - Successfully read 20 DICOM files
2025-06-08 18:00:02,408 - segmed_pro - INFO - Sorting by Instance Number
2025-06-08 18:00:02,538 - segmed_pro - INFO - Created 3D volume with shape (20, 512, 400)
2025-06-08 18:00:02,575 - segmed_pro - INFO - Extracted metadata from first slice
2025-06-08 18:05:00,118 - segmed_pro - INFO - Configured DICOM handlers: gdcm, pylibjpeg, pillow, numpy
2025-06-08 18:05:11,072 - segmed_pro - INFO - Loading DICOM series from directory: C:\Users\Yurtsever\Downloads\segpro-med\cvm_48_t1
2025-06-08 18:05:11,074 - segmed_pro - INFO - Found 20 DICOM files
2025-06-08 18:05:11,074 - segmed_pro - DEBUG - Reading DICOM file: C:\Users\Yurtsever\Downloads\segpro-med\cvm_48_t1\1.3.12.2.1107.5.2.36.40820.2021111512341579279633165_MR.dcm
2025-06-08 18:05:11,112 - segmed_pro - DEBUG - Reading DICOM file: C:\Users\Yurtsever\Downloads\segpro-med\cvm_48_t1\1.3.12.2.1107.5.2.36.40820.202111151234161027033171_MR.dcm
2025-06-08 18:05:11,146 - segmed_pro - DEBUG - Reading DICOM file: C:\Users\Yurtsever\Downloads\segpro-med\cvm_48_t1\1.3.12.2.1107.5.2.36.40820.2021111512341623308733176_MR.dcm
2025-06-08 18:05:11,180 - segmed_pro - DEBUG - Reading DICOM file: C:\Users\Yurtsever\Downloads\segpro-med\cvm_48_t1\1.3.12.2.1107.5.2.36.40820.2021111512341644779633181_MR.dcm
2025-06-08 18:05:11,215 - segmed_pro - DEBUG - Reading DICOM file: C:\Users\Yurtsever\Downloads\segpro-med\cvm_48_t1\1.3.12.2.1107.5.2.36.40820.2021111512341666461533186_MR.dcm
2025-06-08 18:05:11,250 - segmed_pro - DEBUG - Reading DICOM file: C:\Users\Yurtsever\Downloads\segpro-med\cvm_48_t1\1.3.12.2.1107.5.2.36.40820.2021111512341688430633191_MR.dcm
2025-06-08 18:05:11,286 - segmed_pro - DEBUG - Reading DICOM file: C:\Users\Yurtsever\Downloads\segpro-med\cvm_48_t1\1.3.12.2.1107.5.2.36.40820.2021111512341710546233196_MR.dcm
2025-06-08 18:05:11,320 - segmed_pro - DEBUG - Reading DICOM file: C:\Users\Yurtsever\Downloads\segpro-med\cvm_48_t1\1.3.12.2.1107.5.2.36.40820.2021111512341733208833201_MR.dcm
2025-06-08 18:05:11,353 - segmed_pro - DEBUG - Reading DICOM file: C:\Users\Yurtsever\Downloads\segpro-med\cvm_48_t1\1.3.12.2.1107.5.2.36.40820.2021111512341753545933206_MR.dcm
2025-06-08 18:05:11,401 - segmed_pro - DEBUG - Reading DICOM file: C:\Users\Yurtsever\Downloads\segpro-med\cvm_48_t1\1.3.12.2.1107.5.2.36.40820.2021111512341775486333211_MR.dcm
2025-06-08 18:05:11,442 - segmed_pro - DEBUG - Reading DICOM file: C:\Users\Yurtsever\Downloads\segpro-med\cvm_48_t1\1.3.12.2.1107.5.2.36.40820.2021111512352779416033216_MR.dcm
2025-06-08 18:05:11,479 - segmed_pro - DEBUG - Reading DICOM file: C:\Users\Yurtsever\Downloads\segpro-med\cvm_48_t1\1.3.12.2.1107.5.2.36.40820.202111151235281237733221_MR.dcm
2025-06-08 18:05:11,522 - segmed_pro - DEBUG - Reading DICOM file: C:\Users\Yurtsever\Downloads\segpro-med\cvm_48_t1\1.3.12.2.1107.5.2.36.40820.2021111512352822922433226_MR.dcm
2025-06-08 18:05:11,559 - segmed_pro - DEBUG - Reading DICOM file: C:\Users\Yurtsever\Downloads\segpro-med\cvm_48_t1\1.3.12.2.1107.5.2.36.40820.2021111512352845071133231_MR.dcm
2025-06-08 18:05:11,609 - segmed_pro - DEBUG - Reading DICOM file: C:\Users\Yurtsever\Downloads\segpro-med\cvm_48_t1\1.3.12.2.1107.5.2.36.40820.2021111512352866931233236_MR.dcm
2025-06-08 18:05:11,677 - segmed_pro - DEBUG - Reading DICOM file: C:\Users\Yurtsever\Downloads\segpro-med\cvm_48_t1\1.3.12.2.1107.5.2.36.40820.2021111512352888819833241_MR.dcm
2025-06-08 18:05:11,726 - segmed_pro - DEBUG - Reading DICOM file: C:\Users\Yurtsever\Downloads\segpro-med\cvm_48_t1\1.3.12.2.1107.5.2.36.40820.2021111512352911077633246_MR.dcm
2025-06-08 18:05:11,760 - segmed_pro - DEBUG - Reading DICOM file: C:\Users\Yurtsever\Downloads\segpro-med\cvm_48_t1\1.3.12.2.1107.5.2.36.40820.2021111512352932328233251_MR.dcm
2025-06-08 18:05:11,796 - segmed_pro - DEBUG - Reading DICOM file: C:\Users\Yurtsever\Downloads\segpro-med\cvm_48_t1\1.3.12.2.1107.5.2.36.40820.2021111512352954399933256_MR.dcm
2025-06-08 18:05:11,830 - segmed_pro - DEBUG - Reading DICOM file: C:\Users\Yurtsever\Downloads\segpro-med\cvm_48_t1\1.3.12.2.1107.5.2.36.40820.2021111512352976441533261_MR.dcm
2025-06-08 18:05:11,864 - segmed_pro - INFO - Successfully read 20 DICOM files
2025-06-08 18:05:11,865 - segmed_pro - INFO - Sorting by Instance Number
2025-06-08 18:05:11,992 - segmed_pro - INFO - Created 3D volume with shape (20, 512, 400)
2025-06-08 18:05:12,029 - segmed_pro - INFO - Extracted metadata from first slice
2025-06-08 18:48:00,100 - segmed_pro - INFO - Configured DICOM handlers: gdcm, pylibjpeg, pillow, numpy
2025-06-08 18:48:05,034 - segmed_pro - INFO - Loading DICOM series from directory: C:\Users\Yurtsever\Downloads\segpro-med\cvm_48_t1
2025-06-08 18:48:05,035 - segmed_pro - INFO - Found 20 DICOM files
2025-06-08 18:48:05,036 - segmed_pro - DEBUG - Reading DICOM file: C:\Users\Yurtsever\Downloads\segpro-med\cvm_48_t1\1.3.12.2.1107.5.2.36.40820.2021111512341579279633165_MR.dcm
2025-06-08 18:48:05,062 - segmed_pro - DEBUG - Reading DICOM file: C:\Users\Yurtsever\Downloads\segpro-med\cvm_48_t1\1.3.12.2.1107.5.2.36.40820.202111151234161027033171_MR.dcm
2025-06-08 18:48:05,085 - segmed_pro - DEBUG - Reading DICOM file: C:\Users\Yurtsever\Downloads\segpro-med\cvm_48_t1\1.3.12.2.1107.5.2.36.40820.2021111512341623308733176_MR.dcm
2025-06-08 18:48:05,107 - segmed_pro - DEBUG - Reading DICOM file: C:\Users\Yurtsever\Downloads\segpro-med\cvm_48_t1\1.3.12.2.1107.5.2.36.40820.2021111512341644779633181_MR.dcm
2025-06-08 18:48:05,129 - segmed_pro - DEBUG - Reading DICOM file: C:\Users\Yurtsever\Downloads\segpro-med\cvm_48_t1\1.3.12.2.1107.5.2.36.40820.2021111512341666461533186_MR.dcm
2025-06-08 18:48:05,151 - segmed_pro - DEBUG - Reading DICOM file: C:\Users\Yurtsever\Downloads\segpro-med\cvm_48_t1\1.3.12.2.1107.5.2.36.40820.2021111512341688430633191_MR.dcm
2025-06-08 18:48:05,173 - segmed_pro - DEBUG - Reading DICOM file: C:\Users\Yurtsever\Downloads\segpro-med\cvm_48_t1\1.3.12.2.1107.5.2.36.40820.2021111512341710546233196_MR.dcm
2025-06-08 18:48:05,196 - segmed_pro - DEBUG - Reading DICOM file: C:\Users\Yurtsever\Downloads\segpro-med\cvm_48_t1\1.3.12.2.1107.5.2.36.40820.2021111512341733208833201_MR.dcm
2025-06-08 18:48:05,220 - segmed_pro - DEBUG - Reading DICOM file: C:\Users\Yurtsever\Downloads\segpro-med\cvm_48_t1\1.3.12.2.1107.5.2.36.40820.2021111512341753545933206_MR.dcm
2025-06-08 18:48:05,244 - segmed_pro - DEBUG - Reading DICOM file: C:\Users\Yurtsever\Downloads\segpro-med\cvm_48_t1\1.3.12.2.1107.5.2.36.40820.2021111512341775486333211_MR.dcm
2025-06-08 18:48:05,268 - segmed_pro - DEBUG - Reading DICOM file: C:\Users\Yurtsever\Downloads\segpro-med\cvm_48_t1\1.3.12.2.1107.5.2.36.40820.2021111512352779416033216_MR.dcm
2025-06-08 18:48:05,292 - segmed_pro - DEBUG - Reading DICOM file: C:\Users\Yurtsever\Downloads\segpro-med\cvm_48_t1\1.3.12.2.1107.5.2.36.40820.202111151235281237733221_MR.dcm
2025-06-08 18:48:05,314 - segmed_pro - DEBUG - Reading DICOM file: C:\Users\Yurtsever\Downloads\segpro-med\cvm_48_t1\1.3.12.2.1107.5.2.36.40820.2021111512352822922433226_MR.dcm
2025-06-08 18:48:05,337 - segmed_pro - DEBUG - Reading DICOM file: C:\Users\Yurtsever\Downloads\segpro-med\cvm_48_t1\1.3.12.2.1107.5.2.36.40820.2021111512352845071133231_MR.dcm
2025-06-08 18:48:05,361 - segmed_pro - DEBUG - Reading DICOM file: C:\Users\Yurtsever\Downloads\segpro-med\cvm_48_t1\1.3.12.2.1107.5.2.36.40820.2021111512352866931233236_MR.dcm
2025-06-08 18:48:05,384 - segmed_pro - DEBUG - Reading DICOM file: C:\Users\Yurtsever\Downloads\segpro-med\cvm_48_t1\1.3.12.2.1107.5.2.36.40820.2021111512352888819833241_MR.dcm
2025-06-08 18:48:05,409 - segmed_pro - DEBUG - Reading DICOM file: C:\Users\Yurtsever\Downloads\segpro-med\cvm_48_t1\1.3.12.2.1107.5.2.36.40820.2021111512352911077633246_MR.dcm
2025-06-08 18:48:05,433 - segmed_pro - DEBUG - Reading DICOM file: C:\Users\Yurtsever\Downloads\segpro-med\cvm_48_t1\1.3.12.2.1107.5.2.36.40820.2021111512352932328233251_MR.dcm
2025-06-08 18:48:05,457 - segmed_pro - DEBUG - Reading DICOM file: C:\Users\Yurtsever\Downloads\segpro-med\cvm_48_t1\1.3.12.2.1107.5.2.36.40820.2021111512352954399933256_MR.dcm
2025-06-08 18:48:05,479 - segmed_pro - DEBUG - Reading DICOM file: C:\Users\Yurtsever\Downloads\segpro-med\cvm_48_t1\1.3.12.2.1107.5.2.36.40820.2021111512352976441533261_MR.dcm
2025-06-08 18:48:05,502 - segmed_pro - INFO - Successfully read 20 DICOM files
2025-06-08 18:48:05,502 - segmed_pro - INFO - Sorting by Instance Number
2025-06-08 18:48:05,583 - segmed_pro - INFO - Created 3D volume with shape (20, 512, 400)
2025-06-08 18:48:05,605 - segmed_pro - INFO - Extracted metadata from first slice
2025-06-08 18:48:12,643 - segmed_pro - INFO - Loading DICOM series from directory: C:\Users\Yurtsever\Downloads\segpro-med\cvm_48_t1
2025-06-08 18:48:12,644 - segmed_pro - INFO - Found 20 DICOM files
2025-06-08 18:48:12,644 - segmed_pro - DEBUG - Reading DICOM file: C:\Users\Yurtsever\Downloads\segpro-med\cvm_48_t1\1.3.12.2.1107.5.2.36.40820.2021111512341579279633165_MR.dcm
2025-06-08 18:48:12,664 - segmed_pro - DEBUG - Reading DICOM file: C:\Users\Yurtsever\Downloads\segpro-med\cvm_48_t1\1.3.12.2.1107.5.2.36.40820.202111151234161027033171_MR.dcm
2025-06-08 18:48:12,685 - segmed_pro - DEBUG - Reading DICOM file: C:\Users\Yurtsever\Downloads\segpro-med\cvm_48_t1\1.3.12.2.1107.5.2.36.40820.2021111512341623308733176_MR.dcm
2025-06-08 18:48:12,711 - segmed_pro - DEBUG - Reading DICOM file: C:\Users\Yurtsever\Downloads\segpro-med\cvm_48_t1\1.3.12.2.1107.5.2.36.40820.2021111512341644779633181_MR.dcm
2025-06-08 18:48:12,736 - segmed_pro - DEBUG - Reading DICOM file: C:\Users\Yurtsever\Downloads\segpro-med\cvm_48_t1\1.3.12.2.1107.5.2.36.40820.2021111512341666461533186_MR.dcm
2025-06-08 18:48:12,757 - segmed_pro - DEBUG - Reading DICOM file: C:\Users\Yurtsever\Downloads\segpro-med\cvm_48_t1\1.3.12.2.1107.5.2.36.40820.2021111512341688430633191_MR.dcm
2025-06-08 18:48:12,777 - segmed_pro - DEBUG - Reading DICOM file: C:\Users\Yurtsever\Downloads\segpro-med\cvm_48_t1\1.3.12.2.1107.5.2.36.40820.2021111512341710546233196_MR.dcm
2025-06-08 18:48:12,798 - segmed_pro - DEBUG - Reading DICOM file: C:\Users\Yurtsever\Downloads\segpro-med\cvm_48_t1\1.3.12.2.1107.5.2.36.40820.2021111512341733208833201_MR.dcm
2025-06-08 18:48:12,819 - segmed_pro - DEBUG - Reading DICOM file: C:\Users\Yurtsever\Downloads\segpro-med\cvm_48_t1\1.3.12.2.1107.5.2.36.40820.2021111512341753545933206_MR.dcm
2025-06-08 18:48:12,840 - segmed_pro - DEBUG - Reading DICOM file: C:\Users\Yurtsever\Downloads\segpro-med\cvm_48_t1\1.3.12.2.1107.5.2.36.40820.2021111512341775486333211_MR.dcm
2025-06-08 18:48:12,862 - segmed_pro - DEBUG - Reading DICOM file: C:\Users\Yurtsever\Downloads\segpro-med\cvm_48_t1\1.3.12.2.1107.5.2.36.40820.2021111512352779416033216_MR.dcm
2025-06-08 18:48:12,883 - segmed_pro - DEBUG - Reading DICOM file: C:\Users\Yurtsever\Downloads\segpro-med\cvm_48_t1\1.3.12.2.1107.5.2.36.40820.202111151235281237733221_MR.dcm
2025-06-08 18:48:12,905 - segmed_pro - DEBUG - Reading DICOM file: C:\Users\Yurtsever\Downloads\segpro-med\cvm_48_t1\1.3.12.2.1107.5.2.36.40820.2021111512352822922433226_MR.dcm
2025-06-08 18:48:12,926 - segmed_pro - DEBUG - Reading DICOM file: C:\Users\Yurtsever\Downloads\segpro-med\cvm_48_t1\1.3.12.2.1107.5.2.36.40820.2021111512352845071133231_MR.dcm
2025-06-08 18:48:12,947 - segmed_pro - DEBUG - Reading DICOM file: C:\Users\Yurtsever\Downloads\segpro-med\cvm_48_t1\1.3.12.2.1107.5.2.36.40820.2021111512352866931233236_MR.dcm
2025-06-08 18:48:12,969 - segmed_pro - DEBUG - Reading DICOM file: C:\Users\Yurtsever\Downloads\segpro-med\cvm_48_t1\1.3.12.2.1107.5.2.36.40820.2021111512352888819833241_MR.dcm
2025-06-08 18:48:12,991 - segmed_pro - DEBUG - Reading DICOM file: C:\Users\Yurtsever\Downloads\segpro-med\cvm_48_t1\1.3.12.2.1107.5.2.36.40820.2021111512352911077633246_MR.dcm
2025-06-08 18:48:13,013 - segmed_pro - DEBUG - Reading DICOM file: C:\Users\Yurtsever\Downloads\segpro-med\cvm_48_t1\1.3.12.2.1107.5.2.36.40820.2021111512352932328233251_MR.dcm
2025-06-08 18:48:13,035 - segmed_pro - DEBUG - Reading DICOM file: C:\Users\Yurtsever\Downloads\segpro-med\cvm_48_t1\1.3.12.2.1107.5.2.36.40820.2021111512352954399933256_MR.dcm
2025-06-08 18:48:13,057 - segmed_pro - DEBUG - Reading DICOM file: C:\Users\Yurtsever\Downloads\segpro-med\cvm_48_t1\1.3.12.2.1107.5.2.36.40820.2021111512352976441533261_MR.dcm
2025-06-08 18:48:13,080 - segmed_pro - INFO - Successfully read 20 DICOM files
2025-06-08 18:48:13,081 - segmed_pro - INFO - Sorting by Instance Number
2025-06-08 18:48:13,163 - segmed_pro - INFO - Created 3D volume with shape (20, 512, 400)
2025-06-08 18:48:13,192 - segmed_pro - INFO - Extracted metadata from first slice
